[
{
  "model": "auth.permission",
  "pk": 1,
  "fields": {
    "name": "Can add log entry",
    "content_type": 1,
    "codename": "add_logentry"
  }
},
{
  "model": "auth.permission",
  "pk": 2,
  "fields": {
    "name": "Can change log entry",
    "content_type": 1,
    "codename": "change_logentry"
  }
},
{
  "model": "auth.permission",
  "pk": 3,
  "fields": {
    "name": "Can delete log entry",
    "content_type": 1,
    "codename": "delete_logentry"
  }
},
{
  "model": "auth.permission",
  "pk": 4,
  "fields": {
    "name": "Can view log entry",
    "content_type": 1,
    "codename": "view_logentry"
  }
},
{
  "model": "auth.permission",
  "pk": 5,
  "fields": {
    "name": "Can add permission",
    "content_type": 2,
    "codename": "add_permission"
  }
},
{
  "model": "auth.permission",
  "pk": 6,
  "fields": {
    "name": "Can change permission",
    "content_type": 2,
    "codename": "change_permission"
  }
},
{
  "model": "auth.permission",
  "pk": 7,
  "fields": {
    "name": "Can delete permission",
    "content_type": 2,
    "codename": "delete_permission"
  }
},
{
  "model": "auth.permission",
  "pk": 8,
  "fields": {
    "name": "Can view permission",
    "content_type": 2,
    "codename": "view_permission"
  }
},
{
  "model": "auth.permission",
  "pk": 9,
  "fields": {
    "name": "Can add group",
    "content_type": 3,
    "codename": "add_group"
  }
},
{
  "model": "auth.permission",
  "pk": 10,
  "fields": {
    "name": "Can change group",
    "content_type": 3,
    "codename": "change_group"
  }
},
{
  "model": "auth.permission",
  "pk": 11,
  "fields": {
    "name": "Can delete group",
    "content_type": 3,
    "codename": "delete_group"
  }
},
{
  "model": "auth.permission",
  "pk": 12,
  "fields": {
    "name": "Can view group",
    "content_type": 3,
    "codename": "view_group"
  }
},
{
  "model": "auth.permission",
  "pk": 13,
  "fields": {
    "name": "Can add user",
    "content_type": 4,
    "codename": "add_user"
  }
},
{
  "model": "auth.permission",
  "pk": 14,
  "fields": {
    "name": "Can change user",
    "content_type": 4,
    "codename": "change_user"
  }
},
{
  "model": "auth.permission",
  "pk": 15,
  "fields": {
    "name": "Can delete user",
    "content_type": 4,
    "codename": "delete_user"
  }
},
{
  "model": "auth.permission",
  "pk": 16,
  "fields": {
    "name": "Can view user",
    "content_type": 4,
    "codename": "view_user"
  }
},
{
  "model": "auth.permission",
  "pk": 17,
  "fields": {
    "name": "Can add content type",
    "content_type": 5,
    "codename": "add_contenttype"
  }
},
{
  "model": "auth.permission",
  "pk": 18,
  "fields": {
    "name": "Can change content type",
    "content_type": 5,
    "codename": "change_contenttype"
  }
},
{
  "model": "auth.permission",
  "pk": 19,
  "fields": {
    "name": "Can delete content type",
    "content_type": 5,
    "codename": "delete_contenttype"
  }
},
{
  "model": "auth.permission",
  "pk": 20,
  "fields": {
    "name": "Can view content type",
    "content_type": 5,
    "codename": "view_contenttype"
  }
},
{
  "model": "auth.permission",
  "pk": 21,
  "fields": {
    "name": "Can add session",
    "content_type": 6,
    "codename": "add_session"
  }
},
{
  "model": "auth.permission",
  "pk": 22,
  "fields": {
    "name": "Can change session",
    "content_type": 6,
    "codename": "change_session"
  }
},
{
  "model": "auth.permission",
  "pk": 23,
  "fields": {
    "name": "Can delete session",
    "content_type": 6,
    "codename": "delete_session"
  }
},
{
  "model": "auth.permission",
  "pk": 24,
  "fields": {
    "name": "Can view session",
    "content_type": 6,
    "codename": "view_session"
  }
},
{
  "model": "auth.permission",
  "pk": 25,
  "fields": {
    "name": "Can add site",
    "content_type": 7,
    "codename": "add_site"
  }
},
{
  "model": "auth.permission",
  "pk": 26,
  "fields": {
    "name": "Can change site",
    "content_type": 7,
    "codename": "change_site"
  }
},
{
  "model": "auth.permission",
  "pk": 27,
  "fields": {
    "name": "Can delete site",
    "content_type": 7,
    "codename": "delete_site"
  }
},
{
  "model": "auth.permission",
  "pk": 28,
  "fields": {
    "name": "Can view site",
    "content_type": 7,
    "codename": "view_site"
  }
},
{
  "model": "auth.permission",
  "pk": 29,
  "fields": {
    "name": "Can add email address",
    "content_type": 8,
    "codename": "add_emailaddress"
  }
},
{
  "model": "auth.permission",
  "pk": 30,
  "fields": {
    "name": "Can change email address",
    "content_type": 8,
    "codename": "change_emailaddress"
  }
},
{
  "model": "auth.permission",
  "pk": 31,
  "fields": {
    "name": "Can delete email address",
    "content_type": 8,
    "codename": "delete_emailaddress"
  }
},
{
  "model": "auth.permission",
  "pk": 32,
  "fields": {
    "name": "Can view email address",
    "content_type": 8,
    "codename": "view_emailaddress"
  }
},
{
  "model": "auth.permission",
  "pk": 33,
  "fields": {
    "name": "Can add email confirmation",
    "content_type": 9,
    "codename": "add_emailconfirmation"
  }
},
{
  "model": "auth.permission",
  "pk": 34,
  "fields": {
    "name": "Can change email confirmation",
    "content_type": 9,
    "codename": "change_emailconfirmation"
  }
},
{
  "model": "auth.permission",
  "pk": 35,
  "fields": {
    "name": "Can delete email confirmation",
    "content_type": 9,
    "codename": "delete_emailconfirmation"
  }
},
{
  "model": "auth.permission",
  "pk": 36,
  "fields": {
    "name": "Can view email confirmation",
    "content_type": 9,
    "codename": "view_emailconfirmation"
  }
},
{
  "model": "auth.permission",
  "pk": 37,
  "fields": {
    "name": "Can add social account",
    "content_type": 10,
    "codename": "add_socialaccount"
  }
},
{
  "model": "auth.permission",
  "pk": 38,
  "fields": {
    "name": "Can change social account",
    "content_type": 10,
    "codename": "change_socialaccount"
  }
},
{
  "model": "auth.permission",
  "pk": 39,
  "fields": {
    "name": "Can delete social account",
    "content_type": 10,
    "codename": "delete_socialaccount"
  }
},
{
  "model": "auth.permission",
  "pk": 40,
  "fields": {
    "name": "Can view social account",
    "content_type": 10,
    "codename": "view_socialaccount"
  }
},
{
  "model": "auth.permission",
  "pk": 41,
  "fields": {
    "name": "Can add social application",
    "content_type": 11,
    "codename": "add_socialapp"
  }
},
{
  "model": "auth.permission",
  "pk": 42,
  "fields": {
    "name": "Can change social application",
    "content_type": 11,
    "codename": "change_socialapp"
  }
},
{
  "model": "auth.permission",
  "pk": 43,
  "fields": {
    "name": "Can delete social application",
    "content_type": 11,
    "codename": "delete_socialapp"
  }
},
{
  "model": "auth.permission",
  "pk": 44,
  "fields": {
    "name": "Can view social application",
    "content_type": 11,
    "codename": "view_socialapp"
  }
},
{
  "model": "auth.permission",
  "pk": 45,
  "fields": {
    "name": "Can add social application token",
    "content_type": 12,
    "codename": "add_socialtoken"
  }
},
{
  "model": "auth.permission",
  "pk": 46,
  "fields": {
    "name": "Can change social application token",
    "content_type": 12,
    "codename": "change_socialtoken"
  }
},
{
  "model": "auth.permission",
  "pk": 47,
  "fields": {
    "name": "Can delete social application token",
    "content_type": 12,
    "codename": "delete_socialtoken"
  }
},
{
  "model": "auth.permission",
  "pk": 48,
  "fields": {
    "name": "Can view social application token",
    "content_type": 12,
    "codename": "view_socialtoken"
  }
},
{
  "model": "auth.permission",
  "pk": 49,
  "fields": {
    "name": "Can add car make",
    "content_type": 13,
    "codename": "add_carmake"
  }
},
{
  "model": "auth.permission",
  "pk": 50,
  "fields": {
    "name": "Can change car make",
    "content_type": 13,
    "codename": "change_carmake"
  }
},
{
  "model": "auth.permission",
  "pk": 51,
  "fields": {
    "name": "Can delete car make",
    "content_type": 13,
    "codename": "delete_carmake"
  }
},
{
  "model": "auth.permission",
  "pk": 52,
  "fields": {
    "name": "Can view car make",
    "content_type": 13,
    "codename": "view_carmake"
  }
},
{
  "model": "auth.permission",
  "pk": 53,
  "fields": {
    "name": "Can add car model",
    "content_type": 14,
    "codename": "add_carmodel"
  }
},
{
  "model": "auth.permission",
  "pk": 54,
  "fields": {
    "name": "Can change car model",
    "content_type": 14,
    "codename": "change_carmodel"
  }
},
{
  "model": "auth.permission",
  "pk": 55,
  "fields": {
    "name": "Can delete car model",
    "content_type": 14,
    "codename": "delete_carmodel"
  }
},
{
  "model": "auth.permission",
  "pk": 56,
  "fields": {
    "name": "Can view car model",
    "content_type": 14,
    "codename": "view_carmodel"
  }
},
{
  "model": "auth.permission",
  "pk": 57,
  "fields": {
    "name": "Can add listing",
    "content_type": 15,
    "codename": "add_listing"
  }
},
{
  "model": "auth.permission",
  "pk": 58,
  "fields": {
    "name": "Can change listing",
    "content_type": 15,
    "codename": "change_listing"
  }
},
{
  "model": "auth.permission",
  "pk": 59,
  "fields": {
    "name": "Can delete listing",
    "content_type": 15,
    "codename": "delete_listing"
  }
},
{
  "model": "auth.permission",
  "pk": 60,
  "fields": {
    "name": "Can view listing",
    "content_type": 15,
    "codename": "view_listing"
  }
},
{
  "model": "auth.permission",
  "pk": 61,
  "fields": {
    "name": "Can add profile",
    "content_type": 16,
    "codename": "add_profile"
  }
},
{
  "model": "auth.permission",
  "pk": 62,
  "fields": {
    "name": "Can change profile",
    "content_type": 16,
    "codename": "change_profile"
  }
},
{
  "model": "auth.permission",
  "pk": 63,
  "fields": {
    "name": "Can delete profile",
    "content_type": 16,
    "codename": "delete_profile"
  }
},
{
  "model": "auth.permission",
  "pk": 64,
  "fields": {
    "name": "Can view profile",
    "content_type": 16,
    "codename": "view_profile"
  }
},
{
  "model": "auth.user",
  "pk": 1,
  "fields": {
    "password": "pbkdf2_sha256$260000$SslAKsV1JhMPl3XBcA7i8p$29vWBb1lVbKzw04f7ryGL0+mAJ99zZNhW/46bieMEZk=",
    "last_login": "2026-04-23T18:04:48.428Z",
    "is_superuser": true,
    "username": "jordanacomba@gmail.com",
    "first_name": "",
    "last_name": "",
    "email": "jordanacomba@gmail.com",
    "is_staff": true,
    "is_active": true,
    "date_joined": "2026-04-23T11:04:49.266Z",
    "groups": [],
    "user_permissions": []
  }
},
{
  "model": "auth.user",
  "pk": 2,
  "fields": {
    "password": "pbkdf2_sha256$260000$SwafQxlPqxPQj1EtIBq60Z$zk5fF0QHl9A89gd0E+8UDJ5NF9wriRiEEeHFwkW59NM=",
    "last_login": "2026-04-23T16:37:14.626Z",
    "is_superuser": false,
    "username": "Jayyy",
    "first_name": "Jay",
    "last_name": "",
    "email": "jordanacomba@icloud.com",
    "is_staff": false,
    "is_active": true,
    "date_joined": "2026-04-23T16:35:29.690Z",
    "groups": [],
    "user_permissions": []
  }
},
{
  "model": "contenttypes.contenttype",
  "pk": 1,
  "fields": {
    "app_label": "admin",
    "model": "logentry"
  }
},
{
  "model": "contenttypes.contenttype",
  "pk": 2,
  "fields": {
    "app_label": "auth",
    "model": "permission"
  }
},
{
  "model": "contenttypes.contenttype",
  "pk": 3,
  "fields": {
    "app_label": "auth",
    "model": "group"
  }
},
{
  "model": "contenttypes.contenttype",
  "pk": 4,
  "fields": {
    "app_label": "auth",
    "model": "user"
  }
},
{
  "model": "contenttypes.contenttype",
  "pk": 5,
  "fields": {
    "app_label": "contenttypes",
    "model": "contenttype"
  }
},
{
  "model": "contenttypes.contenttype",
  "pk": 6,
  "fields": {
    "app_label": "sessions",
    "model": "session"
  }
},
{
  "model": "contenttypes.contenttype",
  "pk": 7,
  "fields": {
    "app_label": "sites",
    "model": "site"
  }
},
{
  "model": "contenttypes.contenttype",
  "pk": 8,
  "fields": {
    "app_label": "account",
    "model": "emailaddress"
  }
},
{
  "model": "contenttypes.contenttype",
  "pk": 9,
  "fields": {
    "app_label": "account",
    "model": "emailconfirmation"
  }
},
{
  "model": "contenttypes.contenttype",
  "pk": 10,
  "fields": {
    "app_label": "socialaccount",
    "model": "socialaccount"
  }
},
{
  "model": "contenttypes.contenttype",
  "pk": 11,
  "fields": {
    "app_label": "socialaccount",
    "model": "socialapp"
  }
},
{
  "model": "contenttypes.contenttype",
  "pk": 12,
  "fields": {
    "app_label": "socialaccount",
    "model": "socialtoken"
  }
},
{
  "model": "contenttypes.contenttype",
  "pk": 13,
  "fields": {
    "app_label": "listings",
    "model": "carmake"
  }
},
{
  "model": "contenttypes.contenttype",
  "pk": 14,
  "fields": {
    "app_label": "listings",
    "model": "carmodel"
  }
},
{
  "model": "contenttypes.contenttype",
  "pk": 15,
  "fields": {
    "app_label": "listings",
    "model": "listing"
  }
},
{
  "model": "contenttypes.contenttype",
  "pk": 16,
  "fields": {
    "app_label": "users",
    "model": "profile"
  }
},
{
  "model": "sessions.session",
  "pk": "jsx0u02aeb3o9intdt578jw0ud7hr6y4",
  "fields": {
    "session_data": ".eJxVjEEOwiAQRe_C2pBCBygu3XsGMjOAVA0kpV0Z765NutDtf-_9lwi4rSVsPS1hjuIslDj9boT8SHUH8Y711iS3ui4zyV2RB-3y2mJ6Xg7376BgL996AA2ZyZEH0oYzKQMcQbnB0IhGMeRkRjZjTs76xArzxJit1cBeTyzeH-4gOF0:1wFyPw:7iOljJrpG9IkNyJlD8bhPRrxEnOt6VtEX1QjED7bX_A",
    "expire_date": "2026-05-07T18:04:48.432Z"
  }
},
{
  "model": "sessions.session",
  "pk": "s59m8ctol5hkg4rd0to4sfcpbi5uysae",
  "fields": {
    "session_data": "e30:1wFx1V:FTpEF-OGjpfVPOzliTIeZalhHs4qtgixGiTaIvwLlME",
    "expire_date": "2026-05-07T16:35:29.931Z"
  }
},
{
  "model": "sites.site",
  "pk": 1,
  "fields": {
    "domain": "example.com",
    "name": "example.com"
  }
},
{
  "model": "listings.carmake",
  "pk": 1,
  "fields": {
    "name": "Toyota"
  }
},
{
  "model": "listings.carmake",
  "pk": 2,
  "fields": {
    "name": "Honda"
  }
},
{
  "model": "listings.carmake",
  "pk": 3,
  "fields": {
    "name": "BMW"
  }
},
{
  "model": "listings.carmake",
  "pk": 4,
  "fields": {
    "name": "Acura"
  }
},
{
  "model": "listings.carmake",
  "pk": 5,
  "fields": {
    "name": "ASTON MARTIN"
  }
},
{
  "model": "listings.carmake",
  "pk": 6,
  "fields": {
    "name": "AUDI"
  }
},
{
  "model": "listings.carmake",
  "pk": 7,
  "fields": {
    "name": "BENTLEY"
  }
},
{
  "model": "listings.carmake",
  "pk": 8,
  "fields": {
    "name": "Bugatti"
  }
},
{
  "model": "listings.carmake",
  "pk": 9,
  "fields": {
    "name": "Cadillac"
  }
},
{
  "model": "listings.carmake",
  "pk": 10,
  "fields": {
    "name": "Chevrolet"
  }
},
{
  "model": "listings.carmake",
  "pk": 11,
  "fields": {
    "name": "FERRARI"
  }
},
{
  "model": "listings.carmake",
  "pk": 12,
  "fields": {
    "name": "Ford"
  }
},
{
  "model": "listings.carmake",
  "pk": 13,
  "fields": {
    "name": "GMC"
  }
},
{
  "model": "listings.carmake",
  "pk": 14,
  "fields": {
    "name": "HYUNDAI"
  }
},
{
  "model": "listings.carmake",
  "pk": 15,
  "fields": {
    "name": "Jaguar Land Rover"
  }
},
{
  "model": "listings.carmake",
  "pk": 16,
  "fields": {
    "name": "Jeep"
  }
},
{
  "model": "listings.carmake",
  "pk": 17,
  "fields": {
    "name": "KIA"
  }
},
{
  "model": "listings.carmake",
  "pk": 18,
  "fields": {
    "name": "LAMBORGHINI"
  }
},
{
  "model": "listings.carmake",
  "pk": 19,
  "fields": {
    "name": "MAHINDRA"
  }
},
{
  "model": "listings.carmake",
  "pk": 20,
  "fields": {
    "name": "Mazda"
  }
},
{
  "model": "listings.carmake",
  "pk": 21,
  "fields": {
    "name": "MERCEDES"
  }
},
{
  "model": "listings.carmake",
  "pk": 22,
  "fields": {
    "name": "Mitsubishi"
  }
},
{
  "model": "listings.carmake",
  "pk": 23,
  "fields": {
    "name": "NISSAN"
  }
},
{
  "model": "listings.carmake",
  "pk": 24,
  "fields": {
    "name": "Peugeot"
  }
},
{
  "model": "listings.carmake",
  "pk": 25,
  "fields": {
    "name": "Porsche"
  }
},
{
  "model": "listings.carmake",
  "pk": 26,
  "fields": {
    "name": "ROLLS ROYCE"
  }
},
{
  "model": "listings.carmake",
  "pk": 27,
  "fields": {
    "name": "Tesla"
  }
},
{
  "model": "listings.carmake",
  "pk": 28,
  "fields": {
    "name": "Volkswagen"
  }
},
{
  "model": "listings.carmake",
  "pk": 29,
  "fields": {
    "name": "VOLVO"
  }
},
{
  "model": "listings.carmodel",
  "pk": 1,
  "fields": {
    "name": "Corolla",
    "car_make": 1
  }
},
{
  "model": "listings.carmodel",
  "pk": 2,
  "fields": {
    "name": "Camry",
    "car_make": 1
  }
},
{
  "model": "listings.carmodel",
  "pk": 3,
  "fields": {
    "name": "Civic",
    "car_make": 2
  }
},
{
  "model": "listings.carmodel",
  "pk": 4,
  "fields": {
    "name": "Accord",
    "car_make": 2
  }
},
{
  "model": "listings.carmodel",
  "pk": 5,
  "fields": {
    "name": "X5",
    "car_make": 3
  }
},
{
  "model": "listings.carmodel",
  "pk": 6,
  "fields": {
    "name": "NSX Type S",
    "car_make": 4
  }
},
{
  "model": "listings.carmodel",
  "pk": 7,
  "fields": {
    "name": "TLX PMC Edition",
    "car_make": 4
  }
},
{
  "model": "listings.carmodel",
  "pk": 8,
  "fields": {
    "name": "MDX Advance",
    "car_make": 4
  }
},
{
  "model": "listings.carmodel",
  "pk": 9,
  "fields": {
    "name": "RDX Technology",
    "car_make": 4
  }
},
{
  "model": "listings.carmodel",
  "pk": 10,
  "fields": {
    "name": "VICTOR",
    "car_make": 5
  }
},
{
  "model": "listings.carmodel",
  "pk": 11,
  "fields": {
    "name": "AUDI R8 Gt",
    "car_make": 6
  }
},
{
  "model": "listings.carmodel",
  "pk": 12,
  "fields": {
    "name": "R8 V10 PLUS",
    "car_make": 6
  }
},
{
  "model": "listings.carmodel",
  "pk": 13,
  "fields": {
    "name": "TT COUPE",
    "car_make": 6
  }
},
{
  "model": "listings.carmodel",
  "pk": 14,
  "fields": {
    "name": "Continental GT Azure",
    "car_make": 7
  }
},
{
  "model": "listings.carmodel",
  "pk": 15,
  "fields": {
    "name": "Mclaren 720s",
    "car_make": 3
  }
},
{
  "model": "listings.carmodel",
  "pk": 16,
  "fields": {
    "name": "M5 CS",
    "car_make": 3
  }
},
{
  "model": "listings.carmodel",
  "pk": 17,
  "fields": {
    "name": "M4 GTS",
    "car_make": 3
  }
},
{
  "model": "listings.carmodel",
  "pk": 18,
  "fields": {
    "name": "M3 COMPETITION",
    "car_make": 3
  }
},
{
  "model": "listings.carmodel",
  "pk": 19,
  "fields": {
    "name": "Bolide",
    "car_make": 8
  }
},
{
  "model": "listings.carmodel",
  "pk": 20,
  "fields": {
    "name": "Mistral",
    "car_make": 8
  }
},
{
  "model": "listings.carmodel",
  "pk": 21,
  "fields": {
    "name": "CT4",
    "car_make": 9
  }
},
{
  "model": "listings.carmodel",
  "pk": 22,
  "fields": {
    "name": "CT4-V",
    "car_make": 9
  }
},
{
  "model": "listings.carmodel",
  "pk": 23,
  "fields": {
    "name": "CT5",
    "car_make": 9
  }
},
{
  "model": "listings.carmodel",
  "pk": 24,
  "fields": {
    "name": "CT5-V",
    "car_make": 9
  }
},
{
  "model": "listings.carmodel",
  "pk": 25,
  "fields": {
    "name": "Silverado 1500 Custom",
    "car_make": 10
  }
},
{
  "model": "listings.carmodel",
  "pk": 26,
  "fields": {
    "name": "Silverado 2500HD LTZ",
    "car_make": 10
  }
},
{
  "model": "listings.carmodel",
  "pk": 27,
  "fields": {
    "name": "Tahoe RST",
    "car_make": 10
  }
},
{
  "model": "listings.carmodel",
  "pk": 28,
  "fields": {
    "name": "Suburban LT",
    "car_make": 10
  }
},
{
  "model": "listings.carmodel",
  "pk": 29,
  "fields": {
    "name": "Bolt EV Premier",
    "car_make": 10
  }
},
{
  "model": "listings.carmodel",
  "pk": 30,
  "fields": {
    "name": "Tahoe LS",
    "car_make": 10
  }
},
{
  "model": "listings.carmodel",
  "pk": 31,
  "fields": {
    "name": "Tahoe LT",
    "car_make": 10
  }
},
{
  "model": "listings.carmodel",
  "pk": 32,
  "fields": {
    "name": "Tahoe Z71",
    "car_make": 10
  }
},
{
  "model": "listings.carmodel",
  "pk": 33,
  "fields": {
    "name": "Tahoe Premier",
    "car_make": 10
  }
},
{
  "model": "listings.carmodel",
  "pk": 34,
  "fields": {
    "name": "Tahoe High Country",
    "car_make": 10
  }
},
{
  "model": "listings.carmodel",
  "pk": 35,
  "fields": {
    "name": "Tahoe Midnight Edition",
    "car_make": 10
  }
},
{
  "model": "listings.carmodel",
  "pk": 36,
  "fields": {
    "name": "Tahoe Sport Edition",
    "car_make": 10
  }
},
{
  "model": "listings.carmodel",
  "pk": 37,
  "fields": {
    "name": "SF90 STRADALE",
    "car_make": 11
  }
},
{
  "model": "listings.carmodel",
  "pk": 38,
  "fields": {
    "name": "F8 TRIBUTO",
    "car_make": 11
  }
},
{
  "model": "listings.carmodel",
  "pk": 39,
  "fields": {
    "name": "812 GTS",
    "car_make": 11
  }
},
{
  "model": "listings.carmodel",
  "pk": 40,
  "fields": {
    "name": "PORTOFINO",
    "car_make": 11
  }
},
{
  "model": "listings.carmodel",
  "pk": 41,
  "fields": {
    "name": "Mustang",
    "car_make": 12
  }
},
{
  "model": "listings.carmodel",
  "pk": 42,
  "fields": {
    "name": "Ranger",
    "car_make": 12
  }
},
{
  "model": "listings.carmodel",
  "pk": 43,
  "fields": {
    "name": "Escape Plug-in Hybrid (2024)",
    "car_make": 12
  }
},
{
  "model": "listings.carmodel",
  "pk": 44,
  "fields": {
    "name": "Bronco",
    "car_make": 12
  }
},
{
  "model": "listings.carmodel",
  "pk": 45,
  "fields": {
    "name": "Explorer",
    "car_make": 12
  }
},
{
  "model": "listings.carmodel",
  "pk": 46,
  "fields": {
    "name": "Terrain",
    "car_make": 13
  }
},
{
  "model": "listings.carmodel",
  "pk": 47,
  "fields": {
    "name": "Acadia",
    "car_make": 13
  }
},
{
  "model": "listings.carmodel",
  "pk": 48,
  "fields": {
    "name": "Yukon",
    "car_make": 13
  }
},
{
  "model": "listings.carmodel",
  "pk": 49,
  "fields": {
    "name": "Yukon XL",
    "car_make": 13
  }
},
{
  "model": "listings.carmodel",
  "pk": 50,
  "fields": {
    "name": "PILOT",
    "car_make": 2
  }
},
{
  "model": "listings.carmodel",
  "pk": 51,
  "fields": {
    "name": "CIVIC HATCHBACK",
    "car_make": 2
  }
},
{
  "model": "listings.carmodel",
  "pk": 52,
  "fields": {
    "name": "CITY",
    "car_make": 2
  }
},
{
  "model": "listings.carmodel",
  "pk": 53,
  "fields": {
    "name": "I10",
    "car_make": 14
  }
},
{
  "model": "listings.carmodel",
  "pk": 54,
  "fields": {
    "name": "I20",
    "car_make": 14
  }
},
{
  "model": "listings.carmodel",
  "pk": 55,
  "fields": {
    "name": "Jaguar F-Type P450 AWD",
    "car_make": 15
  }
},
{
  "model": "listings.carmodel",
  "pk": 56,
  "fields": {
    "name": "Jaguar F-PACE P400e Plug-in Hybrid",
    "car_make": 15
  }
},
{
  "model": "listings.carmodel",
  "pk": 57,
  "fields": {
    "name": "Jaguar F-Type P300 Coupe",
    "car_make": 15
  }
},
{
  "model": "listings.carmodel",
  "pk": 58,
  "fields": {
    "name": "Wrangler",
    "car_make": 16
  }
},
{
  "model": "listings.carmodel",
  "pk": 59,
  "fields": {
    "name": "Wrangler Rubicon",
    "car_make": 16
  }
},
{
  "model": "listings.carmodel",
  "pk": 60,
  "fields": {
    "name": "Grand Cherokee",
    "car_make": 16
  }
},
{
  "model": "listings.carmodel",
  "pk": 61,
  "fields": {
    "name": "Renegade 4xe",
    "car_make": 16
  }
},
{
  "model": "listings.carmodel",
  "pk": 62,
  "fields": {
    "name": "Wagoneer S",
    "car_make": 16
  }
},
{
  "model": "listings.carmodel",
  "pk": 63,
  "fields": {
    "name": "SPORTAGE 2024(SX TURBO AWD)",
    "car_make": 17
  }
},
{
  "model": "listings.carmodel",
  "pk": 64,
  "fields": {
    "name": "HURACAN STO EVO",
    "car_make": 18
  }
},
{
  "model": "listings.carmodel",
  "pk": 65,
  "fields": {
    "name": "AVENTADOR LP 780-4 ULTIMATE ROADSTER",
    "car_make": 18
  }
},
{
  "model": "listings.carmodel",
  "pk": 66,
  "fields": {
    "name": "XUV500",
    "car_make": 19
  }
},
{
  "model": "listings.carmodel",
  "pk": 67,
  "fields": {
    "name": "SCORPIO",
    "car_make": 19
  }
},
{
  "model": "listings.carmodel",
  "pk": 68,
  "fields": {
    "name": "Mazda2",
    "car_make": 20
  }
},
{
  "model": "listings.carmodel",
  "pk": 69,
  "fields": {
    "name": "Mazda3",
    "car_make": 20
  }
},
{
  "model": "listings.carmodel",
  "pk": 70,
  "fields": {
    "name": "Mazda3 Hatchback",
    "car_make": 20
  }
},
{
  "model": "listings.carmodel",
  "pk": 71,
  "fields": {
    "name": "Mazda6",
    "car_make": 20
  }
},
{
  "model": "listings.carmodel",
  "pk": 72,
  "fields": {
    "name": "CX-3",
    "car_make": 20
  }
},
{
  "model": "listings.carmodel",
  "pk": 73,
  "fields": {
    "name": "BENZ GLE 53",
    "car_make": 21
  }
},
{
  "model": "listings.carmodel",
  "pk": 74,
  "fields": {
    "name": "BENZ S-CLASS S 350",
    "car_make": 21
  }
},
{
  "model": "listings.carmodel",
  "pk": 75,
  "fields": {
    "name": "BENZ EQS 53",
    "car_make": 21
  }
},
{
  "model": "listings.carmodel",
  "pk": 76,
  "fields": {
    "name": "BENZ MAYBACH S 680",
    "car_make": 21
  }
},
{
  "model": "listings.carmodel",
  "pk": 77,
  "fields": {
    "name": "Mirage",
    "car_make": 22
  }
},
{
  "model": "listings.carmodel",
  "pk": 78,
  "fields": {
    "name": "Mirage G4",
    "car_make": 22
  }
},
{
  "model": "listings.carmodel",
  "pk": 79,
  "fields": {
    "name": "Outlander",
    "car_make": 22
  }
},
{
  "model": "listings.carmodel",
  "pk": 80,
  "fields": {
    "name": "ALTIMA",
    "car_make": 23
  }
},
{
  "model": "listings.carmodel",
  "pk": 81,
  "fields": {
    "name": "MAXIMA",
    "car_make": 23
  }
},
{
  "model": "listings.carmodel",
  "pk": 82,
  "fields": {
    "name": "SENTRA",
    "car_make": 23
  }
},
{
  "model": "listings.carmodel",
  "pk": 83,
  "fields": {
    "name": "ROGUE",
    "car_make": 23
  }
},
{
  "model": "listings.carmodel",
  "pk": 84,
  "fields": {
    "name": "PATHFINDER",
    "car_make": 23
  }
},
{
  "model": "listings.carmodel",
  "pk": 85,
  "fields": {
    "name": "208 PSE",
    "car_make": 24
  }
},
{
  "model": "listings.carmodel",
  "pk": 86,
  "fields": {
    "name": "308 PSE",
    "car_make": 24
  }
},
{
  "model": "listings.carmodel",
  "pk": 87,
  "fields": {
    "name": "508 PSE",
    "car_make": 24
  }
},
{
  "model": "listings.carmodel",
  "pk": 88,
  "fields": {
    "name": "3008 PSE",
    "car_make": 24
  }
},
{
  "model": "listings.carmodel",
  "pk": 89,
  "fields": {
    "name": "2008 Active",
    "car_make": 24
  }
},
{
  "model": "listings.carmodel",
  "pk": 90,
  "fields": {
    "name": "3008 Active",
    "car_make": 24
  }
},
{
  "model": "listings.carmodel",
  "pk": 91,
  "fields": {
    "name": "5008 Active",
    "car_make": 24
  }
},
{
  "model": "listings.carmodel",
  "pk": 92,
  "fields": {
    "name": "3008 Allure Premium",
    "car_make": 24
  }
},
{
  "model": "listings.carmodel",
  "pk": 93,
  "fields": {
    "name": "5008 Allure Premium",
    "car_make": 24
  }
},
{
  "model": "listings.carmodel",
  "pk": 94,
  "fields": {
    "name": "3008 GT Line",
    "car_make": 24
  }
},
{
  "model": "listings.carmodel",
  "pk": 95,
  "fields": {
    "name": "5008 GT Line",
    "car_make": 24
  }
},
{
  "model": "listings.carmodel",
  "pk": 96,
  "fields": {
    "name": "911 Carrera",
    "car_make": 25
  }
},
{
  "model": "listings.carmodel",
  "pk": 97,
  "fields": {
    "name": "911 Carrera S",
    "car_make": 25
  }
},
{
  "model": "listings.carmodel",
  "pk": 98,
  "fields": {
    "name": "911 Carrera 4",
    "car_make": 25
  }
},
{
  "model": "listings.carmodel",
  "pk": 99,
  "fields": {
    "name": "911 Carrera 4S",
    "car_make": 25
  }
},
{
  "model": "listings.carmodel",
  "pk": 100,
  "fields": {
    "name": "GHOST",
    "car_make": 26
  }
},
{
  "model": "listings.carmodel",
  "pk": 101,
  "fields": {
    "name": "Model 3",
    "car_make": 27
  }
},
{
  "model": "listings.carmodel",
  "pk": 102,
  "fields": {
    "name": "Model 3 Performance",
    "car_make": 27
  }
},
{
  "model": "listings.carmodel",
  "pk": 103,
  "fields": {
    "name": "Model X",
    "car_make": 27
  }
},
{
  "model": "listings.carmodel",
  "pk": 104,
  "fields": {
    "name": "Model X Plaid",
    "car_make": 27
  }
},
{
  "model": "listings.carmodel",
  "pk": 105,
  "fields": {
    "name": "Model Y",
    "car_make": 27
  }
},
{
  "model": "listings.carmodel",
  "pk": 106,
  "fields": {
    "name": "GR SUPRA",
    "car_make": 1
  }
},
{
  "model": "listings.carmodel",
  "pk": 107,
  "fields": {
    "name": "TOYOTA 86",
    "car_make": 1
  }
},
{
  "model": "listings.carmodel",
  "pk": 108,
  "fields": {
    "name": "TOYOTA  GR86",
    "car_make": 1
  }
},
{
  "model": "listings.carmodel",
  "pk": 109,
  "fields": {
    "name": "TOYOTA LAND CRUISER",
    "car_make": 1
  }
},
{
  "model": "listings.carmodel",
  "pk": 110,
  "fields": {
    "name": "TACOMA",
    "car_make": 1
  }
},
{
  "model": "listings.carmodel",
  "pk": 111,
  "fields": {
    "name": "TUNDRA",
    "car_make": 1
  }
},
{
  "model": "listings.carmodel",
  "pk": 112,
  "fields": {
    "name": "TUNDRA HYBRID",
    "car_make": 1
  }
},
{
  "model": "listings.carmodel",
  "pk": 113,
  "fields": {
    "name": "YARIS",
    "car_make": 1
  }
},
{
  "model": "listings.carmodel",
  "pk": 114,
  "fields": {
    "name": "AYGO X",
    "car_make": 1
  }
},
{
  "model": "listings.carmodel",
  "pk": 115,
  "fields": {
    "name": "HILUX REVO ROCCO",
    "car_make": 1
  }
},
{
  "model": "listings.carmodel",
  "pk": 116,
  "fields": {
    "name": "RAV4 (6th Gen)",
    "car_make": 1
  }
},
{
  "model": "listings.carmodel",
  "pk": 117,
  "fields": {
    "name": "Golf",
    "car_make": 28
  }
},
{
  "model": "listings.carmodel",
  "pk": 118,
  "fields": {
    "name": "Passat",
    "car_make": 28
  }
},
{
  "model": "listings.carmodel",
  "pk": 119,
  "fields": {
    "name": "Tiguan",
    "car_make": 28
  }
},
{
  "model": "listings.carmodel",
  "pk": 120,
  "fields": {
    "name": "Jetta",
    "car_make": 28
  }
},
{
  "model": "listings.carmodel",
  "pk": 121,
  "fields": {
    "name": "S90",
    "car_make": 29
  }
},
{
  "model": "listings.carmodel",
  "pk": 122,
  "fields": {
    "name": "SUV",
    "car_make": 29
  }
},
{
  "model": "listings.listing",
  "pk": "18122c3e-687d-494f-8732-4c1fc9c345f8",
  "fields": {
    "owner": "d6848c61-ce3a-474d-8add-07b2274a76a8",
    "car_make": 29,
    "car_model": 122,
    "mileage": 20000,
    "year": 2025,
    "engine_size": "4600 cc",
    "transmission": "automatic",
    "created": null,
    "description": "This is a nice car.",
    "price": 20000,
    "fuel_type": "Petrol",
    "seats": 4,
    "torque": 500,
    "listing_image_1": "listings/default-listing-img.jpg",
    "listing_image_2": "listings/default-listing-img.jpg",
    "listing_image_3": "listings/default-listing-img.jpg",
    "listing_image_4": "listings/default-listing-img.jpg",
    "listing_image_5": "listings/default-listing-img.jpg",
    "listing_image_6": "listings/default-listing-img.jpg"
  }
},
{
  "model": "listings.listing",
  "pk": "550e8400-e29b-41d4-a716-446655440000",
  "fields": {
    "owner": "d36551a5-b292-4674-b25f-2385ed2f3f0a",
    "car_make": 4,
    "car_model": 6,
    "mileage": 50000,
    "year": 1999,
    "engine_size": "3,493 cc",
    "transmission": "manual",
    "created": "2026-04-18T16:45:00Z",
    "description": "This is a great car!",
    "price": 157000,
    "fuel_type": "Petrol",
    "seats": 2,
    "torque": 666,
    "listing_image_1": "Placeholder_00001.jpg",
    "listing_image_2": "Placeholder_00002.jpg",
    "listing_image_3": "Placeholder_00003.jpg",
    "listing_image_4": "Placeholder_00004.jpg",
    "listing_image_5": "Placeholder_00005.jpg",
    "listing_image_6": "Placeholder_00006.jpg"
  }
},
{
  "model": "listings.listing",
  "pk": "550e8400-e29b-41d4-a716-446655440001",
  "fields": {
    "owner": "d36551a5-b292-4674-b25f-2385ed2f3f0a",
    "car_make": 4,
    "car_model": 7,
    "mileage": 50000,
    "year": 1999,
    "engine_size": "3,500 cc",
    "transmission": "manual",
    "created": "2026-04-19T16:45:00Z",
    "description": "This is a great car!",
    "price": 62000,
    "fuel_type": "Petrol",
    "seats": 5,
    "torque": 362,
    "listing_image_1": "Placeholder_00001.jpg",
    "listing_image_2": "Placeholder_00002.jpg",
    "listing_image_3": "Placeholder_00003.jpg",
    "listing_image_4": "Placeholder_00004.jpg",
    "listing_image_5": "Placeholder_00005.jpg",
    "listing_image_6": "Placeholder_00006.jpg"
  }
},
{
  "model": "listings.listing",
  "pk": "550e8400-e29b-41d4-a716-446655440002",
  "fields": {
    "owner": "d36551a5-b292-4674-b25f-2385ed2f3f0a",
    "car_make": 4,
    "car_model": 8,
    "mileage": 50000,
    "year": 1999,
    "engine_size": "3,500 cc",
    "transmission": "manual",
    "created": "2026-04-20T16:45:00Z",
    "description": "This is a great car!",
    "price": 60000,
    "fuel_type": "Petrol",
    "seats": 7,
    "torque": 362,
    "listing_image_1": "Placeholder_00001.jpg",
    "listing_image_2": "Placeholder_00002.jpg",
    "listing_image_3": "Placeholder_00003.jpg",
    "listing_image_4": "Placeholder_00004.jpg",
    "listing_image_5": "Placeholder_00005.jpg",
    "listing_image_6": "Placeholder_00006.jpg"
  }
},
{
  "model": "listings.listing",
  "pk": "550e8400-e29b-41d4-a716-446655440003",
  "fields": {
    "owner": "d36551a5-b292-4674-b25f-2385ed2f3f0a",
    "car_make": 4,
    "car_model": 9,
    "mileage": 50000,
    "year": 1999,
    "engine_size": "1,500 cc",
    "transmission": "manual",
    "created": "2026-04-21T16:45:00Z",
    "description": "This is a great car!",
    "price": 45000,
    "fuel_type": "Petrol",
    "seats": 5,
    "torque": 400,
    "listing_image_1": "Placeholder_00001.jpg",
    "listing_image_2": "Placeholder_00002.jpg",
    "listing_image_3": "Placeholder_00003.jpg",
    "listing_image_4": "Placeholder_00004.jpg",
    "listing_image_5": "Placeholder_00005.jpg",
    "listing_image_6": "Placeholder_00006.jpg"
  }
},
{
  "model": "listings.listing",
  "pk": "550e8400-e29b-41d4-a716-446655440004",
  "fields": {
    "owner": "d36551a5-b292-4674-b25f-2385ed2f3f0a",
    "car_make": 5,
    "car_model": 10,
    "mileage": 50000,
    "year": 1999,
    "engine_size": "5,204 cc",
    "transmission": "manual",
    "created": "2026-04-22T16:45:00Z",
    "description": "This is a great car!",
    "price": 1300000,
    "fuel_type": "Petrol",
    "seats": 2,
    "torque": 821,
    "listing_image_1": "Placeholder_00001.jpg",
    "listing_image_2": "Placeholder_00002.jpg",
    "listing_image_3": "Placeholder_00003.jpg",
    "listing_image_4": "Placeholder_00004.jpg",
    "listing_image_5": "Placeholder_00005.jpg",
    "listing_image_6": "Placeholder_00006.jpg"
  }
},
{
  "model": "listings.listing",
  "pk": "550e8400-e29b-41d4-a716-446655440005",
  "fields": {
    "owner": "d36551a5-b292-4674-b25f-2385ed2f3f0a",
    "car_make": 6,
    "car_model": 11,
    "mileage": 50000,
    "year": 1999,
    "engine_size": "5,204 cc",
    "transmission": "manual",
    "created": "2026-04-23T16:45:00Z",
    "description": "This is a great car!",
    "price": 253290,
    "fuel_type": "Petrol",
    "seats": 2,
    "torque": 560,
    "listing_image_1": "Placeholder_00001.jpg",
    "listing_image_2": "Placeholder_00002.jpg",
    "listing_image_3": "Placeholder_00003.jpg",
    "listing_image_4": "Placeholder_00004.jpg",
    "listing_image_5": "Placeholder_00005.jpg",
    "listing_image_6": "Placeholder_00006.jpg"
  }
},
{
  "model": "listings.listing",
  "pk": "550e8400-e29b-41d4-a716-446655440006",
  "fields": {
    "owner": "d36551a5-b292-4674-b25f-2385ed2f3f0a",
    "car_make": 6,
    "car_model": 12,
    "mileage": 50000,
    "year": 1999,
    "engine_size": "5,204 cc",
    "transmission": "manual",
    "created": "2026-04-24T16:45:00Z",
    "description": "This is a great car!",
    "price": 194000,
    "fuel_type": "Petrol",
    "seats": 2,
    "torque": 560,
    "listing_image_1": "Placeholder_00001.jpg",
    "listing_image_2": "Placeholder_00002.jpg",
    "listing_image_3": "Placeholder_00003.jpg",
    "listing_image_4": "Placeholder_00004.jpg",
    "listing_image_5": "Placeholder_00005.jpg",
    "listing_image_6": "Placeholder_00006.jpg"
  }
},
{
  "model": "listings.listing",
  "pk": "550e8400-e29b-41d4-a716-446655440007",
  "fields": {
    "owner": "d36551a5-b292-4674-b25f-2385ed2f3f0a",
    "car_make": 6,
    "car_model": 13,
    "mileage": 50000,
    "year": 1999,
    "engine_size": "1,984 cc",
    "transmission": "manual",
    "created": "2026-04-25T16:45:00Z",
    "description": "This is a great car!",
    "price": 49000,
    "fuel_type": "Petrol",
    "seats": 2,
    "torque": 400,
    "listing_image_1": "Placeholder_00001.jpg",
    "listing_image_2": "Placeholder_00002.jpg",
    "listing_image_3": "Placeholder_00003.jpg",
    "listing_image_4": "Placeholder_00004.jpg",
    "listing_image_5": "Placeholder_00005.jpg",
    "listing_image_6": "Placeholder_00006.jpg"
  }
},
{
  "model": "listings.listing",
  "pk": "550e8400-e29b-41d4-a716-446655440008",
  "fields": {
    "owner": "d36551a5-b292-4674-b25f-2385ed2f3f0a",
    "car_make": 7,
    "car_model": 14,
    "mileage": 50000,
    "year": 1999,
    "engine_size": "3,996 cc",
    "transmission": "manual",
    "created": "2026-04-26T16:45:00Z",
    "description": "This is a great car!",
    "price": 311000,
    "fuel_type": "Petrol",
    "seats": 4,
    "torque": 900,
    "listing_image_1": "Placeholder_00001.jpg",
    "listing_image_2": "Placeholder_00002.jpg",
    "listing_image_3": "Placeholder_00003.jpg",
    "listing_image_4": "Placeholder_00004.jpg",
    "listing_image_5": "Placeholder_00005.jpg",
    "listing_image_6": "Placeholder_00006.jpg"
  }
},
{
  "model": "listings.listing",
  "pk": "550e8400-e29b-41d4-a716-446655440009",
  "fields": {
    "owner": "d36551a5-b292-4674-b25f-2385ed2f3f0a",
    "car_make": 3,
    "car_model": 15,
    "mileage": 50000,
    "year": 1999,
    "engine_size": "3,994 cc",
    "transmission": "manual",
    "created": "2026-04-27T16:45:00Z",
    "description": "This is a great car!",
    "price": 499000,
    "fuel_type": "Petrol",
    "seats": 2,
    "torque": 770,
    "listing_image_1": "Placeholder_00001.jpg",
    "listing_image_2": "Placeholder_00002.jpg",
    "listing_image_3": "Placeholder_00003.jpg",
    "listing_image_4": "Placeholder_00004.jpg",
    "listing_image_5": "Placeholder_00005.jpg",
    "listing_image_6": "Placeholder_00006.jpg"
  }
},
{
  "model": "listings.listing",
  "pk": "550e8400-e29b-41d4-a717-446655440000",
  "fields": {
    "owner": "d36551a5-b292-4674-b25f-2385ed2f3f0a",
    "car_make": 3,
    "car_model": 16,
    "mileage": 50000,
    "year": 1999,
    "engine_size": "4,395 cc",
    "transmission": "manual",
    "created": "2026-04-28T16:45:00Z",
    "description": "This is a great car!",
    "price": 142000,
    "fuel_type": "Petrol",
    "seats": 5,
    "torque": 750,
    "listing_image_1": "Placeholder_00001.jpg",
    "listing_image_2": "Placeholder_00002.jpg",
    "listing_image_3": "Placeholder_00003.jpg",
    "listing_image_4": "Placeholder_00004.jpg",
    "listing_image_5": "Placeholder_00005.jpg",
    "listing_image_6": "Placeholder_00006.jpg"
  }
},
{
  "model": "listings.listing",
  "pk": "550e8400-e29b-41d4-a717-446655440001",
  "fields": {
    "owner": "d36551a5-b292-4674-b25f-2385ed2f3f0a",
    "car_make": 3,
    "car_model": 17,
    "mileage": 50000,
    "year": 1999,
    "engine_size": "2,993 cc",
    "transmission": "manual",
    "created": "2026-04-29T16:45:00Z",
    "description": "This is a great car!",
    "price": 133000,
    "fuel_type": "Petrol",
    "seats": 4,
    "torque": 600,
    "listing_image_1": "Placeholder_00001.jpg",
    "listing_image_2": "Placeholder_00002.jpg",
    "listing_image_3": "Placeholder_00003.jpg",
    "listing_image_4": "Placeholder_00004.jpg",
    "listing_image_5": "Placeholder_00005.jpg",
    "listing_image_6": "Placeholder_00006.jpg"
  }
},
{
  "model": "listings.listing",
  "pk": "550e8400-e29b-41d4-a717-446655440002",
  "fields": {
    "owner": "d36551a5-b292-4674-b25f-2385ed2f3f0a",
    "car_make": 3,
    "car_model": 18,
    "mileage": 50000,
    "year": 1999,
    "engine_size": "2,993 cc",
    "transmission": "manual",
    "created": "2026-04-30T16:45:00Z",
    "description": "This is a great car!",
    "price": 76000,
    "fuel_type": "Petrol",
    "seats": 5,
    "torque": 650,
    "listing_image_1": "Placeholder_00001.jpg",
    "listing_image_2": "Placeholder_00002.jpg",
    "listing_image_3": "Placeholder_00003.jpg",
    "listing_image_4": "Placeholder_00004.jpg",
    "listing_image_5": "Placeholder_00005.jpg",
    "listing_image_6": "Placeholder_00006.jpg"
  }
},
{
  "model": "listings.listing",
  "pk": "550e8400-e29b-41d4-a717-446655440003",
  "fields": {
    "owner": "d36551a5-b292-4674-b25f-2385ed2f3f0a",
    "car_make": 8,
    "car_model": 19,
    "mileage": 50000,
    "year": 1999,
    "engine_size": "7993 cc",
    "transmission": "manual",
    "created": "2026-05-01T16:45:00Z",
    "description": "This is a great car!",
    "price": 4500000,
    "fuel_type": "Petrol",
    "seats": 2,
    "torque": 1600,
    "listing_image_1": "Placeholder_00001.jpg",
    "listing_image_2": "Placeholder_00002.jpg",
    "listing_image_3": "Placeholder_00003.jpg",
    "listing_image_4": "Placeholder_00004.jpg",
    "listing_image_5": "Placeholder_00005.jpg",
    "listing_image_6": "Placeholder_00006.jpg"
  }
},
{
  "model": "listings.listing",
  "pk": "550e8400-e29b-41d4-a717-446655440004",
  "fields": {
    "owner": "d36551a5-b292-4674-b25f-2385ed2f3f0a",
    "car_make": 8,
    "car_model": 20,
    "mileage": 50000,
    "year": 1999,
    "engine_size": "7993 cc",
    "transmission": "manual",
    "created": "2026-05-02T16:45:00Z",
    "description": "This is a great car!",
    "price": 5000000,
    "fuel_type": "Petrol",
    "seats": 2,
    "torque": 1600,
    "listing_image_1": "Placeholder_00001.jpg",
    "listing_image_2": "Placeholder_00002.jpg",
    "listing_image_3": "Placeholder_00003.jpg",
    "listing_image_4": "Placeholder_00004.jpg",
    "listing_image_5": "Placeholder_00005.jpg",
    "listing_image_6": "Placeholder_00006.jpg"
  }
},
{
  "model": "listings.listing",
  "pk": "550e8400-e29b-41d4-a717-446655440005",
  "fields": {
    "owner": "d6848c61-ce3a-474d-8add-07b2274a76a8",
    "car_make": 9,
    "car_model": 21,
    "mileage": 50000,
    "year": 1999,
    "engine_size": "2000 cc",
    "transmission": "manual",
    "created": "2026-05-03T16:45:00Z",
    "description": "This is a great car!",
    "price": 34395,
    "fuel_type": "Petrol",
    "seats": 5,
    "torque": 350,
    "listing_image_1": "Placeholder_00001.jpg",
    "listing_image_2": "Placeholder_00002.jpg",
    "listing_image_3": "Placeholder_00003.jpg",
    "listing_image_4": "Placeholder_00004.jpg",
    "listing_image_5": "Placeholder_00005.jpg",
    "listing_image_6": "Placeholder_00006.jpg"
  }
},
{
  "model": "listings.listing",
  "pk": "550e8400-e29b-41d4-a717-446655440006",
  "fields": {
    "owner": "d6848c61-ce3a-474d-8add-07b2274a76a8",
    "car_make": 9,
    "car_model": 22,
    "mileage": 50000,
    "year": 1999,
    "engine_size": "2700 cc",
    "transmission": "manual",
    "created": "2026-05-04T16:45:00Z",
    "description": "This is a great car!",
    "price": 46595,
    "fuel_type": "Petrol",
    "seats": 5,
    "torque": 500,
    "listing_image_1": "Placeholder_00001.jpg",
    "listing_image_2": "Placeholder_00002.jpg",
    "listing_image_3": "Placeholder_00003.jpg",
    "listing_image_4": "Placeholder_00004.jpg",
    "listing_image_5": "Placeholder_00005.jpg",
    "listing_image_6": "Placeholder_00006.jpg"
  }
},
{
  "model": "listings.listing",
  "pk": "550e8400-e29b-41d4-a717-446655440007",
  "fields": {
    "owner": "d6848c61-ce3a-474d-8add-07b2274a76a8",
    "car_make": 9,
    "car_model": 23,
    "mileage": 50000,
    "year": 1999,
    "engine_size": "2000 cc",
    "transmission": "manual",
    "created": "2026-05-05T16:45:00Z",
    "description": "This is a great car!",
    "price": 38195,
    "fuel_type": "Petrol",
    "seats": 5,
    "torque": 350,
    "listing_image_1": "Placeholder_00001.jpg",
    "listing_image_2": "Placeholder_00002.jpg",
    "listing_image_3": "Placeholder_00003.jpg",
    "listing_image_4": "Placeholder_00004.jpg",
    "listing_image_5": "Placeholder_00005.jpg",
    "listing_image_6": "Placeholder_00006.jpg"
  }
},
{
  "model": "listings.listing",
  "pk": "550e8400-e29b-41d4-a717-446655440008",
  "fields": {
    "owner": "d6848c61-ce3a-474d-8add-07b2274a76a8",
    "car_make": 9,
    "car_model": 24,
    "mileage": 50000,
    "year": 1999,
    "engine_size": "3000 cc",
    "transmission": "manual",
    "created": "2026-05-06T16:45:00Z",
    "description": "This is a great car!",
    "price": 50995,
    "fuel_type": "Petrol",
    "seats": 5,
    "torque": 550,
    "listing_image_1": "Placeholder_00001.jpg",
    "listing_image_2": "Placeholder_00002.jpg",
    "listing_image_3": "Placeholder_00003.jpg",
    "listing_image_4": "Placeholder_00004.jpg",
    "listing_image_5": "Placeholder_00005.jpg",
    "listing_image_6": "Placeholder_00006.jpg"
  }
},
{
  "model": "listings.listing",
  "pk": "550e8400-e29b-41d4-a717-446655440009",
  "fields": {
    "owner": "d6848c61-ce3a-474d-8add-07b2274a76a8",
    "car_make": 10,
    "car_model": 25,
    "mileage": 50000,
    "year": 1999,
    "engine_size": "4300 cc",
    "transmission": "manual",
    "created": "2026-05-07T16:45:00Z",
    "description": "This is a great car!",
    "price": 34900,
    "fuel_type": "Petrol",
    "seats": 6,
    "torque": 413,
    "listing_image_1": "Placeholder_00001.jpg",
    "listing_image_2": "Placeholder_00002.jpg",
    "listing_image_3": "Placeholder_00003.jpg",
    "listing_image_4": "Placeholder_00004.jpg",
    "listing_image_5": "Placeholder_00005.jpg",
    "listing_image_6": "Placeholder_00006.jpg"
  }
},
{
  "model": "listings.listing",
  "pk": "550e8400-e29b-41d4-a718-446655440000",
  "fields": {
    "owner": "d6848c61-ce3a-474d-8add-07b2274a76a8",
    "car_make": 10,
    "car_model": 26,
    "mileage": 50000,
    "year": 1999,
    "engine_size": "6600 cc",
    "transmission": "manual",
    "created": "2026-05-08T16:45:00Z",
    "description": "This is a great car!",
    "price": 56400,
    "fuel_type": "Diesel",
    "seats": 6,
    "torque": 1234,
    "listing_image_1": "Placeholder_00001.jpg",
    "listing_image_2": "Placeholder_00002.jpg",
    "listing_image_3": "Placeholder_00003.jpg",
    "listing_image_4": "Placeholder_00004.jpg",
    "listing_image_5": "Placeholder_00005.jpg",
    "listing_image_6": "Placeholder_00006.jpg"
  }
},
{
  "model": "listings.listing",
  "pk": "550e8400-e29b-41d4-a718-446655440001",
  "fields": {
    "owner": "d6848c61-ce3a-474d-8add-07b2274a76a8",
    "car_make": 10,
    "car_model": 27,
    "mileage": 50000,
    "year": 1999,
    "engine_size": "5300 cc",
    "transmission": "manual",
    "created": "2026-05-09T16:45:00Z",
    "description": "This is a great car!",
    "price": 64100,
    "fuel_type": "Petrol",
    "seats": 7,
    "torque": 519,
    "listing_image_1": "Placeholder_00001.jpg",
    "listing_image_2": "Placeholder_00002.jpg",
    "listing_image_3": "Placeholder_00003.jpg",
    "listing_image_4": "Placeholder_00004.jpg",
    "listing_image_5": "Placeholder_00005.jpg",
    "listing_image_6": "Placeholder_00006.jpg"
  }
},
{
  "model": "listings.listing",
  "pk": "550e8400-e29b-41d4-a718-446655440002",
  "fields": {
    "owner": "d6848c61-ce3a-474d-8add-07b2274a76a8",
    "car_make": 10,
    "car_model": 28,
    "mileage": 50000,
    "year": 1999,
    "engine_size": "5300 cc",
    "transmission": "manual",
    "created": "2026-05-10T16:45:00Z",
    "description": "This is a great car!",
    "price": 64400,
    "fuel_type": "Petrol",
    "seats": 8,
    "torque": 519,
    "listing_image_1": "Placeholder_00001.jpg",
    "listing_image_2": "Placeholder_00002.jpg",
    "listing_image_3": "Placeholder_00003.jpg",
    "listing_image_4": "Placeholder_00004.jpg",
    "listing_image_5": "Placeholder_00005.jpg",
    "listing_image_6": "Placeholder_00006.jpg"
  }
},
{
  "model": "listings.listing",
  "pk": "550e8400-e29b-41d4-a718-446655440003",
  "fields": {
    "owner": "d6848c61-ce3a-474d-8add-07b2274a76a8",
    "car_make": 10,
    "car_model": 29,
    "mileage": 50000,
    "year": 1999,
    "engine_size": "66 kWh",
    "transmission": "automatic",
    "created": "2026-05-11T16:45:00Z",
    "description": "This is a great car!",
    "price": 31700,
    "fuel_type": "Electric",
    "seats": 5,
    "torque": 360,
    "listing_image_1": "Placeholder_00001.jpg",
    "listing_image_2": "Placeholder_00002.jpg",
    "listing_image_3": "Placeholder_00003.jpg",
    "listing_image_4": "Placeholder_00004.jpg",
    "listing_image_5": "Placeholder_00005.jpg",
    "listing_image_6": "Placeholder_00006.jpg"
  }
},
{
  "model": "listings.listing",
  "pk": "550e8400-e29b-41d4-a718-446655440004",
  "fields": {
    "owner": "d6848c61-ce3a-474d-8add-07b2274a76a8",
    "car_make": 10,
    "car_model": 30,
    "mileage": 50000,
    "year": 1999,
    "engine_size": "5300 cc",
    "transmission": "automatic",
    "created": "2026-05-12T16:45:00Z",
    "description": "This is a great car!",
    "price": 56995,
    "fuel_type": "Petrol",
    "seats": 8,
    "torque": 519,
    "listing_image_1": "Placeholder_00001.jpg",
    "listing_image_2": "Placeholder_00002.jpg",
    "listing_image_3": "Placeholder_00003.jpg",
    "listing_image_4": "Placeholder_00004.jpg",
    "listing_image_5": "Placeholder_00005.jpg",
    "listing_image_6": "Placeholder_00006.jpg"
  }
},
{
  "model": "listings.listing",
  "pk": "550e8400-e29b-41d4-a718-446655440005",
  "fields": {
    "owner": "d6848c61-ce3a-474d-8add-07b2274a76a8",
    "car_make": 10,
    "car_model": 31,
    "mileage": 50000,
    "year": 1999,
    "engine_size": "5300 cc",
    "transmission": "automatic",
    "created": "2026-05-13T16:45:00Z",
    "description": "This is a great car!",
    "price": 62495,
    "fuel_type": "Petrol",
    "seats": 8,
    "torque": 519,
    "listing_image_1": "Placeholder_00001.jpg",
    "listing_image_2": "Placeholder_00002.jpg",
    "listing_image_3": "Placeholder_00003.jpg",
    "listing_image_4": "Placeholder_00004.jpg",
    "listing_image_5": "Placeholder_00005.jpg",
    "listing_image_6": "Placeholder_00006.jpg"
  }
},
{
  "model": "listings.listing",
  "pk": "550e8400-e29b-41d4-a718-446655440006",
  "fields": {
    "owner": "d6848c61-ce3a-474d-8add-07b2274a76a8",
    "car_make": 10,
    "car_model": 27,
    "mileage": 50000,
    "year": 1999,
    "engine_size": "5300 cc",
    "transmission": "automatic",
    "created": "2026-05-14T16:45:00Z",
    "description": "This is a great car!",
    "price": 64100,
    "fuel_type": "Petrol",
    "seats": 7,
    "torque": 519,
    "listing_image_1": "Placeholder_00001.jpg",
    "listing_image_2": "Placeholder_00002.jpg",
    "listing_image_3": "Placeholder_00003.jpg",
    "listing_image_4": "Placeholder_00004.jpg",
    "listing_image_5": "Placeholder_00005.jpg",
    "listing_image_6": "Placeholder_00006.jpg"
  }
},
{
  "model": "listings.listing",
  "pk": "550e8400-e29b-41d4-a718-446655440007",
  "fields": {
    "owner": "d6848c61-ce3a-474d-8add-07b2274a76a8",
    "car_make": 10,
    "car_model": 32,
    "mileage": 50000,
    "year": 1999,
    "engine_size": "5300 cc",
    "transmission": "automatic",
    "created": "2026-05-15T16:45:00Z",
    "description": "This is a great car!",
    "price": 66700,
    "fuel_type": "Petrol",
    "seats": 7,
    "torque": 519,
    "listing_image_1": "Placeholder_00001.jpg",
    "listing_image_2": "Placeholder_00002.jpg",
    "listing_image_3": "Placeholder_00003.jpg",
    "listing_image_4": "Placeholder_00004.jpg",
    "listing_image_5": "Placeholder_00005.jpg",
    "listing_image_6": "Placeholder_00006.jpg"
  }
},
{
  "model": "listings.listing",
  "pk": "550e8400-e29b-41d4-a718-446655440008",
  "fields": {
    "owner": "d6848c61-ce3a-474d-8add-07b2274a76a8",
    "car_make": 10,
    "car_model": 33,
    "mileage": 50000,
    "year": 1999,
    "engine_size": "6200 cc",
    "transmission": "automatic",
    "created": "2026-05-16T16:45:00Z",
    "description": "This is a great car!",
    "price": 71600,
    "fuel_type": "Petrol",
    "seats": 7,
    "torque": 624,
    "listing_image_1": "Placeholder_00001.jpg",
    "listing_image_2": "Placeholder_00002.jpg",
    "listing_image_3": "Placeholder_00003.jpg",
    "listing_image_4": "Placeholder_00004.jpg",
    "listing_image_5": "Placeholder_00005.jpg",
    "listing_image_6": "Placeholder_00006.jpg"
  }
},
{
  "model": "listings.listing",
  "pk": "550e8400-e29b-41d4-a718-446655440009",
  "fields": {
    "owner": "d6848c61-ce3a-474d-8add-07b2274a76a8",
    "car_make": 10,
    "car_model": 34,
    "mileage": 50000,
    "year": 1999,
    "engine_size": "6200 cc",
    "transmission": "automatic",
    "created": "2026-05-17T16:45:00Z",
    "description": "This is a great car!",
    "price": 76700,
    "fuel_type": "Petrol",
    "seats": 7,
    "torque": 624,
    "listing_image_1": "Placeholder_00001.jpg",
    "listing_image_2": "Placeholder_00002.jpg",
    "listing_image_3": "Placeholder_00003.jpg",
    "listing_image_4": "Placeholder_00004.jpg",
    "listing_image_5": "Placeholder_00005.jpg",
    "listing_image_6": "Placeholder_00006.jpg"
  }
},
{
  "model": "listings.listing",
  "pk": "550e8400-e29b-41d4-a719-446655440000",
  "fields": {
    "owner": "d6848c61-ce3a-474d-8add-07b2274a76a8",
    "car_make": 10,
    "car_model": 35,
    "mileage": 50000,
    "year": 1999,
    "engine_size": "5300 cc",
    "transmission": "automatic",
    "created": "2026-05-18T16:45:00Z",
    "description": "This is a great car!",
    "price": 65500,
    "fuel_type": "Petrol",
    "seats": 8,
    "torque": 519,
    "listing_image_1": "Placeholder_00001.jpg",
    "listing_image_2": "Placeholder_00002.jpg",
    "listing_image_3": "Placeholder_00003.jpg",
    "listing_image_4": "Placeholder_00004.jpg",
    "listing_image_5": "Placeholder_00005.jpg",
    "listing_image_6": "Placeholder_00006.jpg"
  }
},
{
  "model": "listings.listing",
  "pk": "550e8400-e29b-41d4-a719-446655440001",
  "fields": {
    "owner": "d6848c61-ce3a-474d-8add-07b2274a76a8",
    "car_make": 10,
    "car_model": 36,
    "mileage": 50000,
    "year": 1999,
    "engine_size": "6200 cc",
    "transmission": "automatic",
    "created": "2026-05-19T16:45:00Z",
    "description": "This is a great car!",
    "price": 70000,
    "fuel_type": "Petrol",
    "seats": 7,
    "torque": 624,
    "listing_image_1": "Placeholder_00001.jpg",
    "listing_image_2": "Placeholder_00002.jpg",
    "listing_image_3": "Placeholder_00003.jpg",
    "listing_image_4": "Placeholder_00004.jpg",
    "listing_image_5": "Placeholder_00005.jpg",
    "listing_image_6": "Placeholder_00006.jpg"
  }
},
{
  "model": "listings.listing",
  "pk": "550e8400-e29b-41d4-a719-446655440002",
  "fields": {
    "owner": "d6848c61-ce3a-474d-8add-07b2274a76a8",
    "car_make": 11,
    "car_model": 37,
    "mileage": 50000,
    "year": 1999,
    "engine_size": "3990 cc",
    "transmission": "automatic",
    "created": "2026-05-20T16:45:00Z",
    "description": "This is a great car!",
    "price": 1100000,
    "fuel_type": "Petrol",
    "seats": 2,
    "torque": 800,
    "listing_image_1": "Placeholder_00001.jpg",
    "listing_image_2": "Placeholder_00002.jpg",
    "listing_image_3": "Placeholder_00003.jpg",
    "listing_image_4": "Placeholder_00004.jpg",
    "listing_image_5": "Placeholder_00005.jpg",
    "listing_image_6": "Placeholder_00006.jpg"
  }
},
{
  "model": "listings.listing",
  "pk": "550e8400-e29b-41d4-a719-446655440003",
  "fields": {
    "owner": "d6848c61-ce3a-474d-8add-07b2274a76a8",
    "car_make": 11,
    "car_model": 38,
    "mileage": 50000,
    "year": 1999,
    "engine_size": "3,900 cc",
    "transmission": "automatic",
    "created": "2026-05-21T16:45:00Z",
    "description": "This is a great car!",
    "price": 280000,
    "fuel_type": "Petrol",
    "seats": 2,
    "torque": 770,
    "listing_image_1": "Placeholder_00001.jpg",
    "listing_image_2": "Placeholder_00002.jpg",
    "listing_image_3": "Placeholder_00003.jpg",
    "listing_image_4": "Placeholder_00004.jpg",
    "listing_image_5": "Placeholder_00005.jpg",
    "listing_image_6": "Placeholder_00006.jpg"
  }
},
{
  "model": "listings.listing",
  "pk": "550e8400-e29b-41d4-a719-446655440004",
  "fields": {
    "owner": "d6848c61-ce3a-474d-8add-07b2274a76a8",
    "car_make": 11,
    "car_model": 39,
    "mileage": 50000,
    "year": 1999,
    "engine_size": "6496 cc",
    "transmission": "automatic",
    "created": "2026-05-22T16:45:00Z",
    "description": "This is a great car!",
    "price": 350000,
    "fuel_type": "Petrol",
    "seats": 2,
    "torque": 718,
    "listing_image_1": "Placeholder_00001.jpg",
    "listing_image_2": "Placeholder_00002.jpg",
    "listing_image_3": "Placeholder_00003.jpg",
    "listing_image_4": "Placeholder_00004.jpg",
    "listing_image_5": "Placeholder_00005.jpg",
    "listing_image_6": "Placeholder_00006.jpg"
  }
},
{
  "model": "listings.listing",
  "pk": "550e8400-e29b-41d4-a719-446655440005",
  "fields": {
    "owner": "d6848c61-ce3a-474d-8add-07b2274a76a8",
    "car_make": 11,
    "car_model": 40,
    "mileage": 50000,
    "year": 1999,
    "engine_size": "3,900 cc",
    "transmission": "automatic",
    "created": "2026-05-23T16:45:00Z",
    "description": "This is a great car!",
    "price": 210000,
    "fuel_type": "Petrol",
    "seats": 4,
    "torque": 760,
    "listing_image_1": "Placeholder_00001.jpg",
    "listing_image_2": "Placeholder_00002.jpg",
    "listing_image_3": "Placeholder_00003.jpg",
    "listing_image_4": "Placeholder_00004.jpg",
    "listing_image_5": "Placeholder_00005.jpg",
    "listing_image_6": "Placeholder_00006.jpg"
  }
},
{
  "model": "listings.listing",
  "pk": "550e8400-e29b-41d4-a719-446655440006",
  "fields": {
    "owner": "d36551a5-b292-4674-b25f-2385ed2f3f0a",
    "car_make": 12,
    "car_model": 41,
    "mileage": 50000,
    "year": 1999,
    "engine_size": "5,000 cc",
    "transmission": "automatic",
    "created": "2026-05-24T16:45:00Z",
    "description": "This is a great car!",
    "price": 60000,
    "fuel_type": "Petrol",
    "seats": 4,
    "torque": 570,
    "listing_image_1": "Placeholder_00001.jpg",
    "listing_image_2": "Placeholder_00002.jpg",
    "listing_image_3": "Placeholder_00003.jpg",
    "listing_image_4": "Placeholder_00004.jpg",
    "listing_image_5": "Placeholder_00005.jpg",
    "listing_image_6": "Placeholder_00006.jpg"
  }
},
{
  "model": "listings.listing",
  "pk": "550e8400-e29b-41d4-a719-446655440007",
  "fields": {
    "owner": "d36551a5-b292-4674-b25f-2385ed2f3f0a",
    "car_make": 12,
    "car_model": 42,
    "mileage": 50000,
    "year": 1999,
    "engine_size": "2,000 cc",
    "transmission": "automatic",
    "created": "2026-05-25T16:45:00Z",
    "description": "This is a great car!",
    "price": 40000,
    "fuel_type": "Diesel",
    "seats": 5,
    "torque": 500,
    "listing_image_1": "Placeholder_00001.jpg",
    "listing_image_2": "Placeholder_00002.jpg",
    "listing_image_3": "Placeholder_00003.jpg",
    "listing_image_4": "Placeholder_00004.jpg",
    "listing_image_5": "Placeholder_00005.jpg",
    "listing_image_6": "Placeholder_00006.jpg"
  }
},
{
  "model": "listings.listing",
  "pk": "550e8400-e29b-41d4-a719-446655440008",
  "fields": {
    "owner": "d36551a5-b292-4674-b25f-2385ed2f3f0a",
    "car_make": 12,
    "car_model": 43,
    "mileage": 50000,
    "year": 1999,
    "engine_size": "2,500 cc",
    "transmission": "automatic",
    "created": "2026-05-26T16:45:00Z",
    "description": "This is a great car!",
    "price": 38000,
    "fuel_type": "Hybrid",
    "seats": 5,
    "torque": 210,
    "listing_image_1": "Placeholder_00001.jpg",
    "listing_image_2": "Placeholder_00002.jpg",
    "listing_image_3": "Placeholder_00003.jpg",
    "listing_image_4": "Placeholder_00004.jpg",
    "listing_image_5": "Placeholder_00005.jpg",
    "listing_image_6": "Placeholder_00006.jpg"
  }
},
{
  "model": "listings.listing",
  "pk": "550e8400-e29b-41d4-a719-446655440009",
  "fields": {
    "owner": "d36551a5-b292-4674-b25f-2385ed2f3f0a",
    "car_make": 12,
    "car_model": 44,
    "mileage": 50000,
    "year": 1999,
    "engine_size": "2,700 cc",
    "transmission": "automatic",
    "created": "2026-05-27T16:45:00Z",
    "description": "This is a great car!",
    "price": 45000,
    "fuel_type": "Petrol",
    "seats": 5,
    "torque": 542,
    "listing_image_1": "Placeholder_00001.jpg",
    "listing_image_2": "Placeholder_00002.jpg",
    "listing_image_3": "Placeholder_00003.jpg",
    "listing_image_4": "Placeholder_00004.jpg",
    "listing_image_5": "Placeholder_00005.jpg",
    "listing_image_6": "Placeholder_00006.jpg"
  }
},
{
  "model": "listings.listing",
  "pk": "550e8400-e29b-41d4-a720-446655440000",
  "fields": {
    "owner": "d36551a5-b292-4674-b25f-2385ed2f3f0a",
    "car_make": 12,
    "car_model": 45,
    "mileage": 50000,
    "year": 1999,
    "engine_size": "3,000 cc",
    "transmission": "automatic",
    "created": "2026-05-28T16:45:00Z",
    "description": "This is a great car!",
    "price": 55000,
    "fuel_type": "Petrol",
    "seats": 7,
    "torque": 563,
    "listing_image_1": "Placeholder_00001.jpg",
    "listing_image_2": "Placeholder_00002.jpg",
    "listing_image_3": "Placeholder_00003.jpg",
    "listing_image_4": "Placeholder_00004.jpg",
    "listing_image_5": "Placeholder_00005.jpg",
    "listing_image_6": "Placeholder_00006.jpg"
  }
},
{
  "model": "listings.listing",
  "pk": "550e8400-e29b-41d4-a720-446655440001",
  "fields": {
    "owner": "d36551a5-b292-4674-b25f-2385ed2f3f0a",
    "car_make": 13,
    "car_model": 46,
    "mileage": 50000,
    "year": 1999,
    "engine_size": "1500 cc",
    "transmission": "automatic",
    "created": "2026-05-29T16:45:00Z",
    "description": "This is a great car!",
    "price": 29900,
    "fuel_type": "Petrol",
    "seats": 5,
    "torque": 275,
    "listing_image_1": "Placeholder_00001.jpg",
    "listing_image_2": "Placeholder_00002.jpg",
    "listing_image_3": "Placeholder_00003.jpg",
    "listing_image_4": "Placeholder_00004.jpg",
    "listing_image_5": "Placeholder_00005.jpg",
    "listing_image_6": "Placeholder_00006.jpg"
  }
},
{
  "model": "listings.listing",
  "pk": "550e8400-e29b-41d4-a720-446655440002",
  "fields": {
    "owner": "d36551a5-b292-4674-b25f-2385ed2f3f0a",
    "car_make": 13,
    "car_model": 47,
    "mileage": 50000,
    "year": 1999,
    "engine_size": "2000 cc",
    "transmission": "automatic",
    "created": "2026-05-30T16:45:00Z",
    "description": "This is a great car!",
    "price": 36800,
    "fuel_type": "Petrol",
    "seats": 7,
    "torque": 350,
    "listing_image_1": "Placeholder_00001.jpg",
    "listing_image_2": "Placeholder_00002.jpg",
    "listing_image_3": "Placeholder_00003.jpg",
    "listing_image_4": "Placeholder_00004.jpg",
    "listing_image_5": "Placeholder_00005.jpg",
    "listing_image_6": "Placeholder_00006.jpg"
  }
},
{
  "model": "listings.listing",
  "pk": "550e8400-e29b-41d4-a720-446655440003",
  "fields": {
    "owner": "d36551a5-b292-4674-b25f-2385ed2f3f0a",
    "car_make": 13,
    "car_model": 48,
    "mileage": 50000,
    "year": 1999,
    "engine_size": "5300 cc",
    "transmission": "automatic",
    "created": "2026-05-31T16:45:00Z",
    "description": "This is a great car!",
    "price": 57400,
    "fuel_type": "Petrol",
    "seats": 8,
    "torque": 519,
    "listing_image_1": "Placeholder_00001.jpg",
    "listing_image_2": "Placeholder_00002.jpg",
    "listing_image_3": "Placeholder_00003.jpg",
    "listing_image_4": "Placeholder_00004.jpg",
    "listing_image_5": "Placeholder_00005.jpg",
    "listing_image_6": "Placeholder_00006.jpg"
  }
},
{
  "model": "listings.listing",
  "pk": "550e8400-e29b-41d4-a720-446655440004",
  "fields": {
    "owner": "d36551a5-b292-4674-b25f-2385ed2f3f0a",
    "car_make": 13,
    "car_model": 49,
    "mileage": 50000,
    "year": 1999,
    "engine_size": "6200 cc",
    "transmission": "automatic",
    "created": "2026-06-01T16:45:00Z",
    "description": "This is a great car!",
    "price": 61100,
    "fuel_type": "Petrol",
    "seats": 8,
    "torque": 624,
    "listing_image_1": "Placeholder_00001.jpg",
    "listing_image_2": "Placeholder_00002.jpg",
    "listing_image_3": "Placeholder_00003.jpg",
    "listing_image_4": "Placeholder_00004.jpg",
    "listing_image_5": "Placeholder_00005.jpg",
    "listing_image_6": "Placeholder_00006.jpg"
  }
},
{
  "model": "listings.listing",
  "pk": "550e8400-e29b-41d4-a720-446655440005",
  "fields": {
    "owner": "d36551a5-b292-4674-b25f-2385ed2f3f0a",
    "car_make": 2,
    "car_model": 50,
    "mileage": 50000,
    "year": 1999,
    "engine_size": "3,471 cc",
    "transmission": "automatic",
    "created": "2026-06-02T16:45:00Z",
    "description": "This is a great car!",
    "price": 40000,
    "fuel_type": "Petrol",
    "seats": 8,
    "torque": 360,
    "listing_image_1": "Placeholder_00001.jpg",
    "listing_image_2": "Placeholder_00002.jpg",
    "listing_image_3": "Placeholder_00003.jpg",
    "listing_image_4": "Placeholder_00004.jpg",
    "listing_image_5": "Placeholder_00005.jpg",
    "listing_image_6": "Placeholder_00006.jpg"
  }
},
{
  "model": "listings.listing",
  "pk": "550e8400-e29b-41d4-a720-446655440006",
  "fields": {
    "owner": "d36551a5-b292-4674-b25f-2385ed2f3f0a",
    "car_make": 2,
    "car_model": 51,
    "mileage": 50000,
    "year": 1999,
    "engine_size": "1,498 cc",
    "transmission": "automatic",
    "created": "2026-06-03T16:45:00Z",
    "description": "This is a great car!",
    "price": 26350,
    "fuel_type": "Petrol",
    "seats": 5,
    "torque": 300,
    "listing_image_1": "Placeholder_00001.jpg",
    "listing_image_2": "Placeholder_00002.jpg",
    "listing_image_3": "Placeholder_00003.jpg",
    "listing_image_4": "Placeholder_00004.jpg",
    "listing_image_5": "Placeholder_00005.jpg",
    "listing_image_6": "Placeholder_00006.jpg"
  }
},
{
  "model": "listings.listing",
  "pk": "550e8400-e29b-41d4-a720-446655440007",
  "fields": {
    "owner": "d36551a5-b292-4674-b25f-2385ed2f3f0a",
    "car_make": 2,
    "car_model": 52,
    "mileage": 50000,
    "year": 1999,
    "engine_size": "1,497 cc",
    "transmission": "automatic",
    "created": "2026-06-04T16:45:00Z",
    "description": "This is a great car!",
    "price": 15400,
    "fuel_type": "Petrol",
    "seats": 5,
    "torque": 145,
    "listing_image_1": "Placeholder_00001.jpg",
    "listing_image_2": "Placeholder_00002.jpg",
    "listing_image_3": "Placeholder_00003.jpg",
    "listing_image_4": "Placeholder_00004.jpg",
    "listing_image_5": "Placeholder_00005.jpg",
    "listing_image_6": "Placeholder_00006.jpg"
  }
},
{
  "model": "listings.listing",
  "pk": "550e8400-e29b-41d4-a720-446655440008",
  "fields": {
    "owner": "d36551a5-b292-4674-b25f-2385ed2f3f0a",
    "car_make": 2,
    "car_model": 3,
    "mileage": 50000,
    "year": 1999,
    "engine_size": "1,996 cc",
    "transmission": "automatic",
    "created": "2026-06-05T16:45:00Z",
    "description": "This is a great car!",
    "price": 20400,
    "fuel_type": "Petrol",
    "seats": 5,
    "torque": 400,
    "listing_image_1": "Placeholder_00001.jpg",
    "listing_image_2": "Placeholder_00002.jpg",
    "listing_image_3": "Placeholder_00003.jpg",
    "listing_image_4": "Placeholder_00004.jpg",
    "listing_image_5": "Placeholder_00005.jpg",
    "listing_image_6": "Placeholder_00006.jpg"
  }
},
{
  "model": "listings.listing",
  "pk": "550e8400-e29b-41d4-a720-446655440009",
  "fields": {
    "owner": "d36551a5-b292-4674-b25f-2385ed2f3f0a",
    "car_make": 14,
    "car_model": 53,
    "mileage": 50000,
    "year": 1999,
    "engine_size": "1,197 cc",
    "transmission": "automatic",
    "created": "2026-06-06T16:45:00Z",
    "description": "This is a great car!",
    "price": 12400,
    "fuel_type": "Petrol",
    "seats": 5,
    "torque": 120,
    "listing_image_1": "Placeholder_00001.jpg",
    "listing_image_2": "Placeholder_00002.jpg",
    "listing_image_3": "Placeholder_00003.jpg",
    "listing_image_4": "Placeholder_00004.jpg",
    "listing_image_5": "Placeholder_00005.jpg",
    "listing_image_6": "Placeholder_00006.jpg"
  }
},
{
  "model": "listings.listing",
  "pk": "550e8400-e29b-41d4-a721-446655440000",
  "fields": {
    "owner": "d36551a5-b292-4674-b25f-2385ed2f3f0a",
    "car_make": 14,
    "car_model": 54,
    "mileage": 50000,
    "year": 1999,
    "engine_size": "1,396 cc",
    "transmission": "automatic",
    "created": "2026-06-07T16:45:00Z",
    "description": "This is a great car!",
    "price": 15400,
    "fuel_type": "Petrol",
    "seats": 5,
    "torque": 250,
    "listing_image_1": "Placeholder_00001.jpg",
    "listing_image_2": "Placeholder_00002.jpg",
    "listing_image_3": "Placeholder_00003.jpg",
    "listing_image_4": "Placeholder_00004.jpg",
    "listing_image_5": "Placeholder_00005.jpg",
    "listing_image_6": "Placeholder_00006.jpg"
  }
},
{
  "model": "listings.listing",
  "pk": "550e8400-e29b-41d4-a721-446655440001",
  "fields": {
    "owner": "d6848c61-ce3a-474d-8add-07b2274a76a8",
    "car_make": 15,
    "car_model": 55,
    "mileage": 50000,
    "year": 1999,
    "engine_size": "5000 cc",
    "transmission": "automatic",
    "created": "2026-06-08T16:45:00Z",
    "description": "This is a great car!",
    "price": 90000,
    "fuel_type": "Petrol",
    "seats": 2,
    "torque": 600,
    "listing_image_1": "Placeholder_00001.jpg",
    "listing_image_2": "Placeholder_00002.jpg",
    "listing_image_3": "Placeholder_00003.jpg",
    "listing_image_4": "Placeholder_00004.jpg",
    "listing_image_5": "Placeholder_00005.jpg",
    "listing_image_6": "Placeholder_00006.jpg"
  }
},
{
  "model": "listings.listing",
  "pk": "550e8400-e29b-41d4-a721-446655440002",
  "fields": {
    "owner": "d6848c61-ce3a-474d-8add-07b2274a76a8",
    "car_make": 15,
    "car_model": 56,
    "mileage": 50000,
    "year": 1999,
    "engine_size": "1999 cc",
    "transmission": "automatic",
    "created": "2026-06-09T16:45:00Z",
    "description": "This is a great car!",
    "price": 75000,
    "fuel_type": "Petrol",
    "seats": 5,
    "torque": 640,
    "listing_image_1": "Placeholder_00001.jpg",
    "listing_image_2": "Placeholder_00002.jpg",
    "listing_image_3": "Placeholder_00003.jpg",
    "listing_image_4": "Placeholder_00004.jpg",
    "listing_image_5": "Placeholder_00005.jpg",
    "listing_image_6": "Placeholder_00006.jpg"
  }
},
{
  "model": "listings.listing",
  "pk": "550e8400-e29b-41d4-a721-446655440003",
  "fields": {
    "owner": "d6848c61-ce3a-474d-8add-07b2274a76a8",
    "car_make": 15,
    "car_model": 57,
    "mileage": 50000,
    "year": 1999,
    "engine_size": "1999 cc",
    "transmission": "automatic",
    "created": "2026-06-10T16:45:00Z",
    "description": "This is a great car!",
    "price": 60000,
    "fuel_type": "Petrol",
    "seats": 2,
    "torque": 400,
    "listing_image_1": "Placeholder_00001.jpg",
    "listing_image_2": "Placeholder_00002.jpg",
    "listing_image_3": "Placeholder_00003.jpg",
    "listing_image_4": "Placeholder_00004.jpg",
    "listing_image_5": "Placeholder_00005.jpg",
    "listing_image_6": "Placeholder_00006.jpg"
  }
},
{
  "model": "listings.listing",
  "pk": "550e8400-e29b-41d4-a721-446655440004",
  "fields": {
    "owner": "d6848c61-ce3a-474d-8add-07b2274a76a8",
    "car_make": 16,
    "car_model": 58,
    "mileage": 50000,
    "year": 1999,
    "engine_size": "3600 cc",
    "transmission": "automatic",
    "created": "2026-06-11T16:45:00Z",
    "description": "This is a great car!",
    "price": 35195,
    "fuel_type": "Petrol",
    "seats": 4,
    "torque": 353,
    "listing_image_1": "Placeholder_00001.jpg",
    "listing_image_2": "Placeholder_00002.jpg",
    "listing_image_3": "Placeholder_00003.jpg",
    "listing_image_4": "Placeholder_00004.jpg",
    "listing_image_5": "Placeholder_00005.jpg",
    "listing_image_6": "Placeholder_00006.jpg"
  }
},
{
  "model": "listings.listing",
  "pk": "550e8400-e29b-41d4-a721-446655440005",
  "fields": {
    "owner": "d6848c61-ce3a-474d-8add-07b2274a76a8",
    "car_make": 16,
    "car_model": 59,
    "mileage": 50000,
    "year": 1999,
    "engine_size": "2000 cc",
    "transmission": "automatic",
    "created": "2026-06-12T16:45:00Z",
    "description": "This is a great car!",
    "price": 42100,
    "fuel_type": "Petrol",
    "seats": 4,
    "torque": 400,
    "listing_image_1": "Placeholder_00001.jpg",
    "listing_image_2": "Placeholder_00002.jpg",
    "listing_image_3": "Placeholder_00003.jpg",
    "listing_image_4": "Placeholder_00004.jpg",
    "listing_image_5": "Placeholder_00005.jpg",
    "listing_image_6": "Placeholder_00006.jpg"
  }
},
{
  "model": "listings.listing",
  "pk": "550e8400-e29b-41d4-a721-446655440006",
  "fields": {
    "owner": "d6848c61-ce3a-474d-8add-07b2274a76a8",
    "car_make": 16,
    "car_model": 60,
    "mileage": 50000,
    "year": 1999,
    "engine_size": "3600 cc",
    "transmission": "automatic",
    "created": "2026-06-13T16:45:00Z",
    "description": "This is a great car!",
    "price": 41530,
    "fuel_type": "Petrol",
    "seats": 5,
    "torque": 352,
    "listing_image_1": "Placeholder_00001.jpg",
    "listing_image_2": "Placeholder_00002.jpg",
    "listing_image_3": "Placeholder_00003.jpg",
    "listing_image_4": "Placeholder_00004.jpg",
    "listing_image_5": "Placeholder_00005.jpg",
    "listing_image_6": "Placeholder_00006.jpg"
  }
},
{
  "model": "listings.listing",
  "pk": "550e8400-e29b-41d4-a721-446655440007",
  "fields": {
    "owner": "d6848c61-ce3a-474d-8add-07b2274a76a8",
    "car_make": 16,
    "car_model": 61,
    "mileage": 50000,
    "year": 1999,
    "engine_size": "11.4 kWh",
    "transmission": "automatic",
    "created": "2026-06-14T16:45:00Z",
    "description": "This is a great car!",
    "price": 44500,
    "fuel_type": "Hybrid",
    "seats": 5,
    "torque": 270,
    "listing_image_1": "Placeholder_00001.jpg",
    "listing_image_2": "Placeholder_00002.jpg",
    "listing_image_3": "Placeholder_00003.jpg",
    "listing_image_4": "Placeholder_00004.jpg",
    "listing_image_5": "Placeholder_00005.jpg",
    "listing_image_6": "Placeholder_00006.jpg"
  }
},
{
  "model": "listings.listing",
  "pk": "550e8400-e29b-41d4-a721-446655440008",
  "fields": {
    "owner": "d6848c61-ce3a-474d-8add-07b2274a76a8",
    "car_make": 16,
    "car_model": 62,
    "mileage": 50000,
    "year": 1999,
    "engine_size": "100 kWh",
    "transmission": "automatic",
    "created": "2026-06-15T16:45:00Z",
    "description": "This is a great car!",
    "price": 80000,
    "fuel_type": "Electric",
    "seats": 5,
    "torque": 850,
    "listing_image_1": "Placeholder_00001.jpg",
    "listing_image_2": "Placeholder_00002.jpg",
    "listing_image_3": "Placeholder_00003.jpg",
    "listing_image_4": "Placeholder_00004.jpg",
    "listing_image_5": "Placeholder_00005.jpg",
    "listing_image_6": "Placeholder_00006.jpg"
  }
},
{
  "model": "listings.listing",
  "pk": "550e8400-e29b-41d4-a721-446655440009",
  "fields": {
    "owner": "d6848c61-ce3a-474d-8add-07b2274a76a8",
    "car_make": 17,
    "car_model": 63,
    "mileage": 50000,
    "year": 1999,
    "engine_size": "1998 cc",
    "transmission": "automatic",
    "created": "2026-06-16T16:45:00Z",
    "description": "This is a great car!",
    "price": 40000,
    "fuel_type": "Petrol",
    "seats": 5,
    "torque": 400,
    "listing_image_1": "Placeholder_00001.jpg",
    "listing_image_2": "Placeholder_00002.jpg",
    "listing_image_3": "Placeholder_00003.jpg",
    "listing_image_4": "Placeholder_00004.jpg",
    "listing_image_5": "Placeholder_00005.jpg",
    "listing_image_6": "Placeholder_00006.jpg"
  }
},
{
  "model": "listings.listing",
  "pk": "550e8400-e29b-41d4-a722-446655440000",
  "fields": {
    "owner": "d6848c61-ce3a-474d-8add-07b2274a76a8",
    "car_make": 18,
    "car_model": 64,
    "mileage": 50000,
    "year": 1999,
    "engine_size": "5204 cc",
    "transmission": "automatic",
    "created": "2026-06-17T16:45:00Z",
    "description": "This is a great car!",
    "price": 342000,
    "fuel_type": "Petrol",
    "seats": 2,
    "torque": 565,
    "listing_image_1": "Placeholder_00001.jpg",
    "listing_image_2": "Placeholder_00002.jpg",
    "listing_image_3": "Placeholder_00003.jpg",
    "listing_image_4": "Placeholder_00004.jpg",
    "listing_image_5": "Placeholder_00005.jpg",
    "listing_image_6": "Placeholder_00006.jpg"
  }
},
{
  "model": "listings.listing",
  "pk": "550e8400-e29b-41d4-a722-446655440001",
  "fields": {
    "owner": "d6848c61-ce3a-474d-8add-07b2274a76a8",
    "car_make": 18,
    "car_model": 65,
    "mileage": 50000,
    "year": 1999,
    "engine_size": "6498 cc",
    "transmission": "automatic",
    "created": "2026-06-18T16:45:00Z",
    "description": "This is a great car!",
    "price": 573000,
    "fuel_type": "Petrol",
    "seats": 2,
    "torque": 720,
    "listing_image_1": "Placeholder_00001.jpg",
    "listing_image_2": "Placeholder_00002.jpg",
    "listing_image_3": "Placeholder_00003.jpg",
    "listing_image_4": "Placeholder_00004.jpg",
    "listing_image_5": "Placeholder_00005.jpg",
    "listing_image_6": "Placeholder_00006.jpg"
  }
},
{
  "model": "listings.listing",
  "pk": "550e8400-e29b-41d4-a722-446655440002",
  "fields": {
    "owner": "d6848c61-ce3a-474d-8add-07b2274a76a8",
    "car_make": 19,
    "car_model": 66,
    "mileage": 100000,
    "year": 1999,
    "engine_size": "2179 cc",
    "transmission": "automatic",
    "created": "2026-06-19T16:45:00Z",
    "description": "This is a great car!",
    "price": 18400,
    "fuel_type": "Diesel",
    "seats": 7,
    "torque": 400,
    "listing_image_1": "Placeholder_00001.jpg",
    "listing_image_2": "Placeholder_00002.jpg",
    "listing_image_3": "Placeholder_00003.jpg",
    "listing_image_4": "Placeholder_00004.jpg",
    "listing_image_5": "Placeholder_00005.jpg",
    "listing_image_6": "Placeholder_00006.jpg"
  }
},
{
  "model": "listings.listing",
  "pk": "550e8400-e29b-41d4-a722-446655440003",
  "fields": {
    "owner": "d6848c61-ce3a-474d-8add-07b2274a76a8",
    "car_make": 19,
    "car_model": 67,
    "mileage": 100000,
    "year": 1999,
    "engine_size": "2179 cc",
    "transmission": "automatic",
    "created": "2026-06-20T16:45:00Z",
    "description": "This is a great car!",
    "price": 16400,
    "fuel_type": "Diesel",
    "seats": 7,
    "torque": 280,
    "listing_image_1": "Placeholder_00001.jpg",
    "listing_image_2": "Placeholder_00002.jpg",
    "listing_image_3": "Placeholder_00003.jpg",
    "listing_image_4": "Placeholder_00004.jpg",
    "listing_image_5": "Placeholder_00005.jpg",
    "listing_image_6": "Placeholder_00006.jpg"
  }
},
{
  "model": "listings.listing",
  "pk": "550e8400-e29b-41d4-a722-446655440004",
  "fields": {
    "owner": "d6848c61-ce3a-474d-8add-07b2274a76a8",
    "car_make": 20,
    "car_model": 68,
    "mileage": 100000,
    "year": 1999,
    "engine_size": "1500 cc",
    "transmission": "automatic",
    "created": "2026-06-21T16:45:00Z",
    "description": "This is a great car!",
    "price": 18400,
    "fuel_type": "Petrol",
    "seats": 5,
    "torque": 142,
    "listing_image_1": "Placeholder_00001.jpg",
    "listing_image_2": "Placeholder_00002.jpg",
    "listing_image_3": "Placeholder_00003.jpg",
    "listing_image_4": "Placeholder_00004.jpg",
    "listing_image_5": "Placeholder_00005.jpg",
    "listing_image_6": "Placeholder_00006.jpg"
  }
},
{
  "model": "listings.listing",
  "pk": "550e8400-e29b-41d4-a722-446655440005",
  "fields": {
    "owner": "d6848c61-ce3a-474d-8add-07b2274a76a8",
    "car_make": 20,
    "car_model": 69,
    "mileage": 100000,
    "year": 1999,
    "engine_size": "2000 cc",
    "transmission": "automatic",
    "created": "2026-06-22T16:45:00Z",
    "description": "This is a great car!",
    "price": 18400,
    "fuel_type": "Petrol",
    "seats": 5,
    "torque": 213,
    "listing_image_1": "Placeholder_00001.jpg",
    "listing_image_2": "Placeholder_00002.jpg",
    "listing_image_3": "Placeholder_00003.jpg",
    "listing_image_4": "Placeholder_00004.jpg",
    "listing_image_5": "Placeholder_00005.jpg",
    "listing_image_6": "Placeholder_00006.jpg"
  }
},
{
  "model": "listings.listing",
  "pk": "550e8400-e29b-41d4-a722-446655440006",
  "fields": {
    "owner": "d6848c61-ce3a-474d-8add-07b2274a76a8",
    "car_make": 20,
    "car_model": 70,
    "mileage": 100000,
    "year": 1999,
    "engine_size": "2500 cc",
    "transmission": "automatic",
    "created": "2026-06-23T16:45:00Z",
    "description": "This is a great car!",
    "price": 18400,
    "fuel_type": "Petrol",
    "seats": 5,
    "torque": 252,
    "listing_image_1": "Placeholder_00001.jpg",
    "listing_image_2": "Placeholder_00002.jpg",
    "listing_image_3": "Placeholder_00003.jpg",
    "listing_image_4": "Placeholder_00004.jpg",
    "listing_image_5": "Placeholder_00005.jpg",
    "listing_image_6": "Placeholder_00006.jpg"
  }
},
{
  "model": "listings.listing",
  "pk": "550e8400-e29b-41d4-a722-446655440007",
  "fields": {
    "owner": "d6848c61-ce3a-474d-8add-07b2274a76a8",
    "car_make": 20,
    "car_model": 71,
    "mileage": 100000,
    "year": 1999,
    "engine_size": "2500 cc",
    "transmission": "automatic",
    "created": "2026-06-24T16:45:00Z",
    "description": "This is a great car!",
    "price": 18400,
    "fuel_type": "Petrol",
    "seats": 5,
    "torque": 420,
    "listing_image_1": "Placeholder_00001.jpg",
    "listing_image_2": "Placeholder_00002.jpg",
    "listing_image_3": "Placeholder_00003.jpg",
    "listing_image_4": "Placeholder_00004.jpg",
    "listing_image_5": "Placeholder_00005.jpg",
    "listing_image_6": "Placeholder_00006.jpg"
  }
},
{
  "model": "listings.listing",
  "pk": "550e8400-e29b-41d4-a722-446655440008",
  "fields": {
    "owner": "d6848c61-ce3a-474d-8add-07b2274a76a8",
    "car_make": 20,
    "car_model": 72,
    "mileage": 100000,
    "year": 1999,
    "engine_size": "2000 cc",
    "transmission": "automatic",
    "created": "2026-06-25T16:45:00Z",
    "description": "This is a great car!",
    "price": 18400,
    "fuel_type": "Petrol",
    "seats": 5,
    "torque": 197,
    "listing_image_1": "Placeholder_00001.jpg",
    "listing_image_2": "Placeholder_00002.jpg",
    "listing_image_3": "Placeholder_00003.jpg",
    "listing_image_4": "Placeholder_00004.jpg",
    "listing_image_5": "Placeholder_00005.jpg",
    "listing_image_6": "Placeholder_00006.jpg"
  }
},
{
  "model": "listings.listing",
  "pk": "550e8400-e29b-41d4-a722-446655440009",
  "fields": {
    "owner": "d6848c61-ce3a-474d-8add-07b2274a76a8",
    "car_make": 21,
    "car_model": 73,
    "mileage": 100000,
    "year": 1999,
    "engine_size": "2996 cc",
    "transmission": "automatic",
    "created": "2026-06-26T16:45:00Z",
    "description": "This is a great car!",
    "price": 71000,
    "fuel_type": "Petrol",
    "seats": 5,
    "torque": 620,
    "listing_image_1": "Placeholder_00001.jpg",
    "listing_image_2": "Placeholder_00002.jpg",
    "listing_image_3": "Placeholder_00003.jpg",
    "listing_image_4": "Placeholder_00004.jpg",
    "listing_image_5": "Placeholder_00005.jpg",
    "listing_image_6": "Placeholder_00006.jpg"
  }
},
{
  "model": "listings.listing",
  "pk": "550e8400-e29b-41d4-a723-446655440000",
  "fields": {
    "owner": "d6848c61-ce3a-474d-8add-07b2274a76a8",
    "car_make": 21,
    "car_model": 74,
    "mileage": 100000,
    "year": 1999,
    "engine_size": "1991 cc",
    "transmission": "automatic",
    "created": "2026-06-27T16:45:00Z",
    "description": "This is a great car!",
    "price": 90000,
    "fuel_type": "Petrol",
    "seats": 5,
    "torque": 500,
    "listing_image_1": "Placeholder_00001.jpg",
    "listing_image_2": "Placeholder_00002.jpg",
    "listing_image_3": "Placeholder_00003.jpg",
    "listing_image_4": "Placeholder_00004.jpg",
    "listing_image_5": "Placeholder_00005.jpg",
    "listing_image_6": "Placeholder_00006.jpg"
  }
},
{
  "model": "listings.listing",
  "pk": "550e8400-e29b-41d4-a723-446655440001",
  "fields": {
    "owner": "d6848c61-ce3a-474d-8add-07b2274a76a8",
    "car_make": 21,
    "car_model": 75,
    "mileage": 100000,
    "year": 1999,
    "engine_size": "100 kWh",
    "transmission": "automatic",
    "created": "2026-06-28T16:45:00Z",
    "description": "This is a great car!",
    "price": 102000,
    "fuel_type": "Electric",
    "seats": 5,
    "torque": 950,
    "listing_image_1": "Placeholder_00001.jpg",
    "listing_image_2": "Placeholder_00002.jpg",
    "listing_image_3": "Placeholder_00003.jpg",
    "listing_image_4": "Placeholder_00004.jpg",
    "listing_image_5": "Placeholder_00005.jpg",
    "listing_image_6": "Placeholder_00006.jpg"
  }
},
{
  "model": "listings.listing",
  "pk": "550e8400-e29b-41d4-a723-446655440002",
  "fields": {
    "owner": "d36551a5-b292-4674-b25f-2385ed2f3f0a",
    "car_make": 21,
    "car_model": 76,
    "mileage": 100000,
    "year": 1999,
    "engine_size": "5980 cc",
    "transmission": "automatic",
    "created": "2026-06-29T16:45:00Z",
    "description": "This is a great car!",
    "price": 200000,
    "fuel_type": "Petrol",
    "seats": 5,
    "torque": 1000,
    "listing_image_1": "Placeholder_00001.jpg",
    "listing_image_2": "Placeholder_00002.jpg",
    "listing_image_3": "Placeholder_00003.jpg",
    "listing_image_4": "Placeholder_00004.jpg",
    "listing_image_5": "Placeholder_00005.jpg",
    "listing_image_6": "Placeholder_00006.jpg"
  }
},
{
  "model": "listings.listing",
  "pk": "550e8400-e29b-41d4-a723-446655440003",
  "fields": {
    "owner": "d36551a5-b292-4674-b25f-2385ed2f3f0a",
    "car_make": 22,
    "car_model": 77,
    "mileage": 100000,
    "year": 1999,
    "engine_size": "1200 cc",
    "transmission": "automatic",
    "created": "2026-06-30T16:45:00Z",
    "description": "This is a great car!",
    "price": 200000,
    "fuel_type": "Petrol",
    "seats": 5,
    "torque": 100,
    "listing_image_1": "Placeholder_00001.jpg",
    "listing_image_2": "Placeholder_00002.jpg",
    "listing_image_3": "Placeholder_00003.jpg",
    "listing_image_4": "Placeholder_00004.jpg",
    "listing_image_5": "Placeholder_00005.jpg",
    "listing_image_6": "Placeholder_00006.jpg"
  }
},
{
  "model": "listings.listing",
  "pk": "550e8400-e29b-41d4-a723-446655440004",
  "fields": {
    "owner": "d36551a5-b292-4674-b25f-2385ed2f3f0a",
    "car_make": 22,
    "car_model": 78,
    "mileage": 100000,
    "year": 1999,
    "engine_size": "1200 cc",
    "transmission": "automatic",
    "created": "2026-07-01T16:45:00Z",
    "description": "This is a great car!",
    "price": 200000,
    "fuel_type": "Petrol",
    "seats": 5,
    "torque": 100,
    "listing_image_1": "Placeholder_00001.jpg",
    "listing_image_2": "Placeholder_00002.jpg",
    "listing_image_3": "Placeholder_00003.jpg",
    "listing_image_4": "Placeholder_00004.jpg",
    "listing_image_5": "Placeholder_00005.jpg",
    "listing_image_6": "Placeholder_00006.jpg"
  }
},
{
  "model": "listings.listing",
  "pk": "550e8400-e29b-41d4-a723-446655440005",
  "fields": {
    "owner": "d36551a5-b292-4674-b25f-2385ed2f3f0a",
    "car_make": 22,
    "car_model": 79,
    "mileage": 100000,
    "year": 1999,
    "engine_size": "2500 cc",
    "transmission": "automatic",
    "created": "2026-07-02T16:45:00Z",
    "description": "This is a great car!",
    "price": 200000,
    "fuel_type": "Petrol",
    "seats": 7,
    "torque": 245,
    "listing_image_1": "Placeholder_00001.jpg",
    "listing_image_2": "Placeholder_00002.jpg",
    "listing_image_3": "Placeholder_00003.jpg",
    "listing_image_4": "Placeholder_00004.jpg",
    "listing_image_5": "Placeholder_00005.jpg",
    "listing_image_6": "Placeholder_00006.jpg"
  }
},
{
  "model": "listings.listing",
  "pk": "550e8400-e29b-41d4-a723-446655440006",
  "fields": {
    "owner": "d36551a5-b292-4674-b25f-2385ed2f3f0a",
    "car_make": 23,
    "car_model": 80,
    "mileage": 100000,
    "year": 1999,
    "engine_size": "2488 cc",
    "transmission": "automatic",
    "created": "2026-07-03T16:45:00Z",
    "description": "This is a great car!",
    "price": 25000,
    "fuel_type": "Petrol",
    "seats": 5,
    "torque": 380,
    "listing_image_1": "Placeholder_00001.jpg",
    "listing_image_2": "Placeholder_00002.jpg",
    "listing_image_3": "Placeholder_00003.jpg",
    "listing_image_4": "Placeholder_00004.jpg",
    "listing_image_5": "Placeholder_00005.jpg",
    "listing_image_6": "Placeholder_00006.jpg"
  }
},
{
  "model": "listings.listing",
  "pk": "550e8400-e29b-41d4-a723-446655440007",
  "fields": {
    "owner": "d36551a5-b292-4674-b25f-2385ed2f3f0a",
    "car_make": 23,
    "car_model": 81,
    "mileage": 100000,
    "year": 1999,
    "engine_size": "3498 cc",
    "transmission": "automatic",
    "created": "2026-07-04T16:45:00Z",
    "description": "This is a great car!",
    "price": 35000,
    "fuel_type": "Petrol",
    "seats": 5,
    "torque": 354,
    "listing_image_1": "Placeholder_00001.jpg",
    "listing_image_2": "Placeholder_00002.jpg",
    "listing_image_3": "Placeholder_00003.jpg",
    "listing_image_4": "Placeholder_00004.jpg",
    "listing_image_5": "Placeholder_00005.jpg",
    "listing_image_6": "Placeholder_00006.jpg"
  }
},
{
  "model": "listings.listing",
  "pk": "550e8400-e29b-41d4-a723-446655440008",
  "fields": {
    "owner": "d36551a5-b292-4674-b25f-2385ed2f3f0a",
    "car_make": 23,
    "car_model": 82,
    "mileage": 100000,
    "year": 1999,
    "engine_size": "1998 cc",
    "transmission": "automatic",
    "created": "2026-07-05T16:45:00Z",
    "description": "This is a great car!",
    "price": 20000,
    "fuel_type": "Petrol",
    "seats": 5,
    "torque": 240,
    "listing_image_1": "Placeholder_00001.jpg",
    "listing_image_2": "Placeholder_00002.jpg",
    "listing_image_3": "Placeholder_00003.jpg",
    "listing_image_4": "Placeholder_00004.jpg",
    "listing_image_5": "Placeholder_00005.jpg",
    "listing_image_6": "Placeholder_00006.jpg"
  }
},
{
  "model": "listings.listing",
  "pk": "550e8400-e29b-41d4-a723-446655440009",
  "fields": {
    "owner": "d36551a5-b292-4674-b25f-2385ed2f3f0a",
    "car_make": 23,
    "car_model": 83,
    "mileage": 100000,
    "year": 1999,
    "engine_size": "2488 cc",
    "transmission": "automatic",
    "created": "2026-07-06T16:45:00Z",
    "description": "This is a great car!",
    "price": 28000,
    "fuel_type": "Petrol",
    "seats": 5,
    "torque": 270,
    "listing_image_1": "Placeholder_00001.jpg",
    "listing_image_2": "Placeholder_00002.jpg",
    "listing_image_3": "Placeholder_00003.jpg",
    "listing_image_4": "Placeholder_00004.jpg",
    "listing_image_5": "Placeholder_00005.jpg",
    "listing_image_6": "Placeholder_00006.jpg"
  }
},
{
  "model": "listings.listing",
  "pk": "550e8400-e29b-41d4-a724-446655440004",
  "fields": {
    "owner": "d36551a5-b292-4674-b25f-2385ed2f3f0a",
    "car_make": 23,
    "car_model": 84,
    "mileage": 100000,
    "year": 1999,
    "engine_size": "3498 cc",
    "transmission": "automatic",
    "created": "2026-07-07T16:45:00Z",
    "description": "This is a great car!",
    "price": 35000,
    "fuel_type": "Petrol",
    "seats": 7,
    "torque": 351,
    "listing_image_1": "Placeholder_00001.jpg",
    "listing_image_2": "Placeholder_00002.jpg",
    "listing_image_3": "Placeholder_00003.jpg",
    "listing_image_4": "Placeholder_00004.jpg",
    "listing_image_5": "Placeholder_00005.jpg",
    "listing_image_6": "Placeholder_00006.jpg"
  }
},
{
  "model": "listings.listing",
  "pk": "550e8400-e29b-41d4-a724-446655440005",
  "fields": {
    "owner": "d36551a5-b292-4674-b25f-2385ed2f3f0a",
    "car_make": 24,
    "car_model": 85,
    "mileage": 100000,
    "year": 1999,
    "engine_size": "1598 cc",
    "transmission": "automatic",
    "created": "2026-07-08T16:45:00Z",
    "description": "This is a great car!",
    "price": 45000,
    "fuel_type": "Petrol",
    "seats": 5,
    "torque": 360,
    "listing_image_1": "Placeholder_00001.jpg",
    "listing_image_2": "Placeholder_00002.jpg",
    "listing_image_3": "Placeholder_00003.jpg",
    "listing_image_4": "Placeholder_00004.jpg",
    "listing_image_5": "Placeholder_00005.jpg",
    "listing_image_6": "Placeholder_00006.jpg"
  }
},
{
  "model": "listings.listing",
  "pk": "550e8400-e29b-41d4-a724-446655440006",
  "fields": {
    "owner": "d36551a5-b292-4674-b25f-2385ed2f3f0a",
    "car_make": 24,
    "car_model": 86,
    "mileage": 100000,
    "year": 1999,
    "engine_size": "1598 cc",
    "transmission": "automatic",
    "created": "2026-07-09T16:45:00Z",
    "description": "This is a great car!",
    "price": 55000,
    "fuel_type": "Petrol",
    "seats": 5,
    "torque": 520,
    "listing_image_1": "Placeholder_00001.jpg",
    "listing_image_2": "Placeholder_00002.jpg",
    "listing_image_3": "Placeholder_00003.jpg",
    "listing_image_4": "Placeholder_00004.jpg",
    "listing_image_5": "Placeholder_00005.jpg",
    "listing_image_6": "Placeholder_00006.jpg"
  }
},
{
  "model": "listings.listing",
  "pk": "550e8400-e29b-41d4-a724-446655440007",
  "fields": {
    "owner": "d36551a5-b292-4674-b25f-2385ed2f3f0a",
    "car_make": 24,
    "car_model": 87,
    "mileage": 100000,
    "year": 1999,
    "engine_size": "1598 cc",
    "transmission": "automatic",
    "created": "2026-07-10T16:45:00Z",
    "description": "This is a great car!",
    "price": 60000,
    "fuel_type": "Petrol",
    "seats": 5,
    "torque": 520,
    "listing_image_1": "Placeholder_00001.jpg",
    "listing_image_2": "Placeholder_00002.jpg",
    "listing_image_3": "Placeholder_00003.jpg",
    "listing_image_4": "Placeholder_00004.jpg",
    "listing_image_5": "Placeholder_00005.jpg",
    "listing_image_6": "Placeholder_00006.jpg"
  }
},
{
  "model": "listings.listing",
  "pk": "550e8400-e29b-41d4-a724-446655440008",
  "fields": {
    "owner": "d36551a5-b292-4674-b25f-2385ed2f3f0a",
    "car_make": 24,
    "car_model": 88,
    "mileage": 100000,
    "year": 1999,
    "engine_size": "1598 cc",
    "transmission": "automatic",
    "created": "2026-07-11T16:45:00Z",
    "description": "This is a great car!",
    "price": 50000,
    "fuel_type": "Petrol",
    "seats": 5,
    "torque": 400,
    "listing_image_1": "Placeholder_00001.jpg",
    "listing_image_2": "Placeholder_00002.jpg",
    "listing_image_3": "Placeholder_00003.jpg",
    "listing_image_4": "Placeholder_00004.jpg",
    "listing_image_5": "Placeholder_00005.jpg",
    "listing_image_6": "Placeholder_00006.jpg"
  }
},
{
  "model": "listings.listing",
  "pk": "550e8400-e29b-41d4-a724-446655440009",
  "fields": {
    "owner": "d36551a5-b292-4674-b25f-2385ed2f3f0a",
    "car_make": 24,
    "car_model": 89,
    "mileage": 100000,
    "year": 1999,
    "engine_size": "1199 cc",
    "transmission": "automatic",
    "created": "2026-07-12T16:45:00Z",
    "description": "This is a great car!",
    "price": 22000,
    "fuel_type": "Petrol",
    "seats": 5,
    "torque": 205,
    "listing_image_1": "Placeholder_00001.jpg",
    "listing_image_2": "Placeholder_00002.jpg",
    "listing_image_3": "Placeholder_00003.jpg",
    "listing_image_4": "Placeholder_00004.jpg",
    "listing_image_5": "Placeholder_00005.jpg",
    "listing_image_6": "Placeholder_00006.jpg"
  }
},
{
  "model": "listings.listing",
  "pk": "550e8400-e29b-41d4-a725-446655440000",
  "fields": {
    "owner": "d36551a5-b292-4674-b25f-2385ed2f3f0a",
    "car_make": 24,
    "car_model": 90,
    "mileage": 100000,
    "year": 1999,
    "engine_size": "1499 cc",
    "transmission": "automatic",
    "created": "2026-07-13T16:45:00Z",
    "description": "This is a great car!",
    "price": 30000,
    "fuel_type": "Petrol",
    "seats": 5,
    "torque": 240,
    "listing_image_1": "Placeholder_00001.jpg",
    "listing_image_2": "Placeholder_00002.jpg",
    "listing_image_3": "Placeholder_00003.jpg",
    "listing_image_4": "Placeholder_00004.jpg",
    "listing_image_5": "Placeholder_00005.jpg",
    "listing_image_6": "Placeholder_00006.jpg"
  }
},
{
  "model": "listings.listing",
  "pk": "550e8400-e29b-41d4-a725-446655440001",
  "fields": {
    "owner": "d6848c61-ce3a-474d-8add-07b2274a76a8",
    "car_make": 24,
    "car_model": 91,
    "mileage": 100000,
    "year": 1999,
    "engine_size": "1499 cc",
    "transmission": "automatic",
    "created": "2026-07-14T16:45:00Z",
    "description": "This is a great car!",
    "price": 33000,
    "fuel_type": "Petrol",
    "seats": 7,
    "torque": 240,
    "listing_image_1": "Placeholder_00001.jpg",
    "listing_image_2": "Placeholder_00002.jpg",
    "listing_image_3": "Placeholder_00003.jpg",
    "listing_image_4": "Placeholder_00004.jpg",
    "listing_image_5": "Placeholder_00005.jpg",
    "listing_image_6": "Placeholder_00006.jpg"
  }
},
{
  "model": "listings.listing",
  "pk": "550e8400-e29b-41d4-a725-446655440002",
  "fields": {
    "owner": "d6848c61-ce3a-474d-8add-07b2274a76a8",
    "car_make": 24,
    "car_model": 92,
    "mileage": 100000,
    "year": 1999,
    "engine_size": "1499 cc",
    "transmission": "automatic",
    "created": "2026-07-15T16:45:00Z",
    "description": "This is a great car!",
    "price": 32000,
    "fuel_type": "Petrol",
    "seats": 5,
    "torque": 240,
    "listing_image_1": "Placeholder_00001.jpg",
    "listing_image_2": "Placeholder_00002.jpg",
    "listing_image_3": "Placeholder_00003.jpg",
    "listing_image_4": "Placeholder_00004.jpg",
    "listing_image_5": "Placeholder_00005.jpg",
    "listing_image_6": "Placeholder_00006.jpg"
  }
},
{
  "model": "listings.listing",
  "pk": "550e8400-e29b-41d4-a725-446655440003",
  "fields": {
    "owner": "d6848c61-ce3a-474d-8add-07b2274a76a8",
    "car_make": 24,
    "car_model": 93,
    "mileage": 100000,
    "year": 1999,
    "engine_size": "1499 cc",
    "transmission": "automatic",
    "created": "2026-07-16T16:45:00Z",
    "description": "This is a great car!",
    "price": 35000,
    "fuel_type": "Petrol",
    "seats": 7,
    "torque": 240,
    "listing_image_1": "Placeholder_00001.jpg",
    "listing_image_2": "Placeholder_00002.jpg",
    "listing_image_3": "Placeholder_00003.jpg",
    "listing_image_4": "Placeholder_00004.jpg",
    "listing_image_5": "Placeholder_00005.jpg",
    "listing_image_6": "Placeholder_00006.jpg"
  }
},
{
  "model": "listings.listing",
  "pk": "550e8400-e29b-41d4-a725-446655440004",
  "fields": {
    "owner": "d6848c61-ce3a-474d-8add-07b2274a76a8",
    "car_make": 24,
    "car_model": 94,
    "mileage": 100000,
    "year": 1999,
    "engine_size": "1598 cc",
    "transmission": "automatic",
    "created": "2026-07-17T16:45:00Z",
    "description": "This is a great car!",
    "price": 35000,
    "fuel_type": "Petrol",
    "seats": 5,
    "torque": 250,
    "listing_image_1": "Placeholder_00001.jpg",
    "listing_image_2": "Placeholder_00002.jpg",
    "listing_image_3": "Placeholder_00003.jpg",
    "listing_image_4": "Placeholder_00004.jpg",
    "listing_image_5": "Placeholder_00005.jpg",
    "listing_image_6": "Placeholder_00006.jpg"
  }
},
{
  "model": "listings.listing",
  "pk": "550e8400-e29b-41d4-a725-446655440005",
  "fields": {
    "owner": "d6848c61-ce3a-474d-8add-07b2274a76a8",
    "car_make": 24,
    "car_model": 95,
    "mileage": 100000,
    "year": 1999,
    "engine_size": "1598 cc",
    "transmission": "automatic",
    "created": "2026-07-18T16:45:00Z",
    "description": "This is a great car!",
    "price": 38000,
    "fuel_type": "Petrol",
    "seats": 7,
    "torque": 250,
    "listing_image_1": "Placeholder_00001.jpg",
    "listing_image_2": "Placeholder_00002.jpg",
    "listing_image_3": "Placeholder_00003.jpg",
    "listing_image_4": "Placeholder_00004.jpg",
    "listing_image_5": "Placeholder_00005.jpg",
    "listing_image_6": "Placeholder_00006.jpg"
  }
},
{
  "model": "listings.listing",
  "pk": "550e8400-e29b-41d4-a725-446655440006",
  "fields": {
    "owner": "d6848c61-ce3a-474d-8add-07b2274a76a8",
    "car_make": 25,
    "car_model": 96,
    "mileage": 100000,
    "year": 1999,
    "engine_size": "2981 cc",
    "transmission": "automatic",
    "created": "2026-07-19T16:45:00Z",
    "description": "This is a great car!",
    "price": 110000,
    "fuel_type": "Petrol",
    "seats": 4,
    "torque": 450,
    "listing_image_1": "Placeholder_00001.jpg",
    "listing_image_2": "Placeholder_00002.jpg",
    "listing_image_3": "Placeholder_00003.jpg",
    "listing_image_4": "Placeholder_00004.jpg",
    "listing_image_5": "Placeholder_00005.jpg",
    "listing_image_6": "Placeholder_00006.jpg"
  }
},
{
  "model": "listings.listing",
  "pk": "550e8400-e29b-41d4-a725-446655440007",
  "fields": {
    "owner": "d6848c61-ce3a-474d-8add-07b2274a76a8",
    "car_make": 25,
    "car_model": 97,
    "mileage": 100000,
    "year": 1999,
    "engine_size": "2981 cc",
    "transmission": "automatic",
    "created": "2026-07-20T16:45:00Z",
    "description": "This is a great car!",
    "price": 131300,
    "fuel_type": "Petrol",
    "seats": 4,
    "torque": 528,
    "listing_image_1": "Placeholder_00001.jpg",
    "listing_image_2": "Placeholder_00002.jpg",
    "listing_image_3": "Placeholder_00003.jpg",
    "listing_image_4": "Placeholder_00004.jpg",
    "listing_image_5": "Placeholder_00005.jpg",
    "listing_image_6": "Placeholder_00006.jpg"
  }
},
{
  "model": "listings.listing",
  "pk": "550e8400-e29b-41d4-a725-446655440008",
  "fields": {
    "owner": "d6848c61-ce3a-474d-8add-07b2274a76a8",
    "car_make": 25,
    "car_model": 98,
    "mileage": 100000,
    "year": 1999,
    "engine_size": "2981 cc",
    "transmission": "automatic",
    "created": "2026-07-21T16:45:00Z",
    "description": "This is a great car!",
    "price": 106500,
    "fuel_type": "Petrol",
    "seats": 4,
    "torque": 450,
    "listing_image_1": "Placeholder_00001.jpg",
    "listing_image_2": "Placeholder_00002.jpg",
    "listing_image_3": "Placeholder_00003.jpg",
    "listing_image_4": "Placeholder_00004.jpg",
    "listing_image_5": "Placeholder_00005.jpg",
    "listing_image_6": "Placeholder_00006.jpg"
  }
},
{
  "model": "listings.listing",
  "pk": "550e8400-e29b-41d4-a725-446655440009",
  "fields": {
    "owner": "d6848c61-ce3a-474d-8add-07b2274a76a8",
    "car_make": 25,
    "car_model": 99,
    "mileage": 100000,
    "year": 1999,
    "engine_size": "2981 cc",
    "transmission": "automatic",
    "created": "2026-07-22T16:45:00Z",
    "description": "This is a great car!",
    "price": 113300,
    "fuel_type": "Petrol",
    "seats": 4,
    "torque": 528,
    "listing_image_1": "Placeholder_00001.jpg",
    "listing_image_2": "Placeholder_00002.jpg",
    "listing_image_3": "Placeholder_00003.jpg",
    "listing_image_4": "Placeholder_00004.jpg",
    "listing_image_5": "Placeholder_00005.jpg",
    "listing_image_6": "Placeholder_00006.jpg"
  }
},
{
  "model": "listings.listing",
  "pk": "550e8400-e29b-41d4-a726-446655440000",
  "fields": {
    "owner": "d6848c61-ce3a-474d-8add-07b2274a76a8",
    "car_make": 26,
    "car_model": 100,
    "mileage": 100000,
    "year": 1999,
    "engine_size": "6,592 cc",
    "transmission": "automatic",
    "created": "2026-07-23T16:45:00Z",
    "description": "This is a great car!",
    "price": 332000,
    "fuel_type": "Petrol",
    "seats": 5,
    "torque": 850,
    "listing_image_1": "Placeholder_00001.jpg",
    "listing_image_2": "Placeholder_00002.jpg",
    "listing_image_3": "Placeholder_00003.jpg",
    "listing_image_4": "Placeholder_00004.jpg",
    "listing_image_5": "Placeholder_00005.jpg",
    "listing_image_6": "Placeholder_00006.jpg"
  }
},
{
  "model": "listings.listing",
  "pk": "550e8400-e29b-41d4-a726-446655440001",
  "fields": {
    "owner": "d6848c61-ce3a-474d-8add-07b2274a76a8",
    "car_make": 27,
    "car_model": 101,
    "mileage": 100000,
    "year": 1999,
    "engine_size": "60 kWh",
    "transmission": "automatic",
    "created": "2026-07-24T16:45:00Z",
    "description": "This is a great car!",
    "price": 40240,
    "fuel_type": "Electric",
    "seats": 5,
    "torque": 420,
    "listing_image_1": "Placeholder_00001.jpg",
    "listing_image_2": "Placeholder_00002.jpg",
    "listing_image_3": "Placeholder_00003.jpg",
    "listing_image_4": "Placeholder_00004.jpg",
    "listing_image_5": "Placeholder_00005.jpg",
    "listing_image_6": "Placeholder_00006.jpg"
  }
},
{
  "model": "listings.listing",
  "pk": "550e8400-e29b-41d4-a726-446655440002",
  "fields": {
    "owner": "d6848c61-ce3a-474d-8add-07b2274a76a8",
    "car_make": 27,
    "car_model": 102,
    "mileage": 100000,
    "year": 1999,
    "engine_size": "82 kWh",
    "transmission": "automatic",
    "created": "2026-07-25T16:45:00Z",
    "description": "This is a great car!",
    "price": 53240,
    "fuel_type": "Electric",
    "seats": 5,
    "torque": 660,
    "listing_image_1": "Placeholder_00001.jpg",
    "listing_image_2": "Placeholder_00002.jpg",
    "listing_image_3": "Placeholder_00003.jpg",
    "listing_image_4": "Placeholder_00004.jpg",
    "listing_image_5": "Placeholder_00005.jpg",
    "listing_image_6": "Placeholder_00006.jpg"
  }
},
{
  "model": "listings.listing",
  "pk": "550e8400-e29b-41d4-a726-446655440003",
  "fields": {
    "owner": "d6848c61-ce3a-474d-8add-07b2274a76a8",
    "car_make": 27,
    "car_model": 103,
    "mileage": 100000,
    "year": 1999,
    "engine_size": "100 kWh",
    "transmission": "automatic",
    "created": "2026-07-26T16:45:00Z",
    "description": "This is a great car!",
    "price": 98490,
    "fuel_type": "Electric",
    "seats": 7,
    "torque": 967,
    "listing_image_1": "Placeholder_00001.jpg",
    "listing_image_2": "Placeholder_00002.jpg",
    "listing_image_3": "Placeholder_00003.jpg",
    "listing_image_4": "Placeholder_00004.jpg",
    "listing_image_5": "Placeholder_00005.jpg",
    "listing_image_6": "Placeholder_00006.jpg"
  }
},
{
  "model": "listings.listing",
  "pk": "550e8400-e29b-41d4-a726-446655440004",
  "fields": {
    "owner": "d6848c61-ce3a-474d-8add-07b2274a76a8",
    "car_make": 27,
    "car_model": 104,
    "mileage": 100000,
    "year": 1999,
    "engine_size": "100 kWh",
    "transmission": "automatic",
    "created": "2026-07-27T16:45:00Z",
    "description": "This is a great car!",
    "price": 113490,
    "fuel_type": "Electric",
    "seats": 6,
    "torque": 1400,
    "listing_image_1": "Placeholder_00001.jpg",
    "listing_image_2": "Placeholder_00002.jpg",
    "listing_image_3": "Placeholder_00003.jpg",
    "listing_image_4": "Placeholder_00004.jpg",
    "listing_image_5": "Placeholder_00005.jpg",
    "listing_image_6": "Placeholder_00006.jpg"
  }
},
{
  "model": "listings.listing",
  "pk": "550e8400-e29b-41d4-a726-446655440005",
  "fields": {
    "owner": "d6848c61-ce3a-474d-8add-07b2274a76a8",
    "car_make": 27,
    "car_model": 105,
    "mileage": 100000,
    "year": 1999,
    "engine_size": "75 kWh",
    "transmission": "automatic",
    "created": "2026-07-28T16:45:00Z",
    "description": "This is a great car!",
    "price": 47490,
    "fuel_type": "Electric",
    "seats": 5,
    "torque": 498,
    "listing_image_1": "Placeholder_00001.jpg",
    "listing_image_2": "Placeholder_00002.jpg",
    "listing_image_3": "Placeholder_00003.jpg",
    "listing_image_4": "Placeholder_00004.jpg",
    "listing_image_5": "Placeholder_00005.jpg",
    "listing_image_6": "Placeholder_00006.jpg"
  }
},
{
  "model": "listings.listing",
  "pk": "550e8400-e29b-41d4-a726-446655440006",
  "fields": {
    "owner": "d6848c61-ce3a-474d-8add-07b2274a76a8",
    "car_make": 1,
    "car_model": 106,
    "mileage": 100000,
    "year": 2000,
    "engine_size": "2998 cc",
    "transmission": "automatic",
    "created": "2026-07-29T16:45:00Z",
    "description": "This is a great car!",
    "price": 53900,
    "fuel_type": "Petrol",
    "seats": 2,
    "torque": 500,
    "listing_image_1": "Placeholder_00001.jpg",
    "listing_image_2": "Placeholder_00002.jpg",
    "listing_image_3": "Placeholder_00003.jpg",
    "listing_image_4": "Placeholder_00004.jpg",
    "listing_image_5": "Placeholder_00005.jpg",
    "listing_image_6": "Placeholder_00006.jpg"
  }
},
{
  "model": "listings.listing",
  "pk": "550e8400-e29b-41d4-a726-446655440007",
  "fields": {
    "owner": "d6848c61-ce3a-474d-8add-07b2274a76a8",
    "car_make": 1,
    "car_model": 107,
    "mileage": 100000,
    "year": 2000,
    "engine_size": "1998 cc",
    "transmission": "automatic",
    "created": "2026-07-30T16:45:00Z",
    "description": "This is a great car!",
    "price": 27000,
    "fuel_type": "Petrol",
    "seats": 4,
    "torque": 205,
    "listing_image_1": "Placeholder_00001.jpg",
    "listing_image_2": "Placeholder_00002.jpg",
    "listing_image_3": "Placeholder_00003.jpg",
    "listing_image_4": "Placeholder_00004.jpg",
    "listing_image_5": "Placeholder_00005.jpg",
    "listing_image_6": "Placeholder_00006.jpg"
  }
},
{
  "model": "listings.listing",
  "pk": "550e8400-e29b-41d4-a726-446655440008",
  "fields": {
    "owner": "d6848c61-ce3a-474d-8add-07b2274a76a8",
    "car_make": 1,
    "car_model": 108,
    "mileage": 100000,
    "year": 2000,
    "engine_size": "2387 cc",
    "transmission": "automatic",
    "created": "2026-07-31T16:45:00Z",
    "description": "This is a great car!",
    "price": 30000,
    "fuel_type": "Petrol",
    "seats": 4,
    "torque": 250,
    "listing_image_1": "Placeholder_00001.jpg",
    "listing_image_2": "Placeholder_00002.jpg",
    "listing_image_3": "Placeholder_00003.jpg",
    "listing_image_4": "Placeholder_00004.jpg",
    "listing_image_5": "Placeholder_00005.jpg",
    "listing_image_6": "Placeholder_00006.jpg"
  }
},
{
  "model": "listings.listing",
  "pk": "550e8400-e29b-41d4-a726-446655440009",
  "fields": {
    "owner": "d6848c61-ce3a-474d-8add-07b2274a76a8",
    "car_make": 1,
    "car_model": 109,
    "mileage": 100000,
    "year": 2000,
    "engine_size": "5663 cc",
    "transmission": "automatic",
    "created": "2026-08-01T16:45:00Z",
    "description": "This is a great car!",
    "price": 85000,
    "fuel_type": "Diesel",
    "seats": 7,
    "torque": 500,
    "listing_image_1": "Placeholder_00001.jpg",
    "listing_image_2": "Placeholder_00002.jpg",
    "listing_image_3": "Placeholder_00003.jpg",
    "listing_image_4": "Placeholder_00004.jpg",
    "listing_image_5": "Placeholder_00005.jpg",
    "listing_image_6": "Placeholder_00006.jpg"
  }
},
{
  "model": "listings.listing",
  "pk": "550e8400-e29b-41d4-a727-446655440000",
  "fields": {
    "owner": "d6848c61-ce3a-474d-8add-07b2274a76a8",
    "car_make": 1,
    "car_model": 110,
    "mileage": 100000,
    "year": 2000,
    "engine_size": "2694 cc",
    "transmission": "automatic",
    "created": "2026-08-02T16:45:00Z",
    "description": "This is a great car!",
    "price": 26400,
    "fuel_type": "Petrol",
    "seats": 5,
    "torque": 400,
    "listing_image_1": "Placeholder_00001.jpg",
    "listing_image_2": "Placeholder_00002.jpg",
    "listing_image_3": "Placeholder_00003.jpg",
    "listing_image_4": "Placeholder_00004.jpg",
    "listing_image_5": "Placeholder_00005.jpg",
    "listing_image_6": "Placeholder_00006.jpg"
  }
},
{
  "model": "listings.listing",
  "pk": "550e8400-e29b-41d4-a727-446655440001",
  "fields": {
    "owner": "d6848c61-ce3a-474d-8add-07b2274a76a8",
    "car_make": 1,
    "car_model": 111,
    "mileage": 100000,
    "year": 2000,
    "engine_size": "5663 cc",
    "transmission": "automatic",
    "created": "2026-08-03T16:45:00Z",
    "description": "This is a great car!",
    "price": 39900,
    "fuel_type": "Petrol",
    "seats": 5,
    "torque": 650,
    "listing_image_1": "Placeholder_00001.jpg",
    "listing_image_2": "Placeholder_00002.jpg",
    "listing_image_3": "Placeholder_00003.jpg",
    "listing_image_4": "Placeholder_00004.jpg",
    "listing_image_5": "Placeholder_00005.jpg",
    "listing_image_6": "Placeholder_00006.jpg"
  }
},
{
  "model": "listings.listing",
  "pk": "550e8400-e29b-41d4-a727-446655440002",
  "fields": {
    "owner": "d6848c61-ce3a-474d-8add-07b2274a76a8",
    "car_make": 1,
    "car_model": 112,
    "mileage": 100000,
    "year": 2000,
    "engine_size": "3456 cc",
    "transmission": "automatic",
    "created": "2026-08-04T16:45:00Z",
    "description": "This is a great car!",
    "price": 43400,
    "fuel_type": "Hybrid",
    "seats": 5,
    "torque": 650,
    "listing_image_1": "Placeholder_00001.jpg",
    "listing_image_2": "Placeholder_00002.jpg",
    "listing_image_3": "Placeholder_00003.jpg",
    "listing_image_4": "Placeholder_00004.jpg",
    "listing_image_5": "Placeholder_00005.jpg",
    "listing_image_6": "Placeholder_00006.jpg"
  }
},
{
  "model": "listings.listing",
  "pk": "550e8400-e29b-41d4-a727-446655440003",
  "fields": {
    "owner": "d6848c61-ce3a-474d-8add-07b2274a76a8",
    "car_make": 1,
    "car_model": 113,
    "mileage": 100000,
    "year": 2000,
    "engine_size": "1496 cc",
    "transmission": "automatic",
    "created": "2026-08-05T16:45:00Z",
    "description": "This is a great car!",
    "price": 18400,
    "fuel_type": "Petrol",
    "seats": 5,
    "torque": 150,
    "listing_image_1": "Placeholder_00001.jpg",
    "listing_image_2": "Placeholder_00002.jpg",
    "listing_image_3": "Placeholder_00003.jpg",
    "listing_image_4": "Placeholder_00004.jpg",
    "listing_image_5": "Placeholder_00005.jpg",
    "listing_image_6": "Placeholder_00006.jpg"
  }
},
{
  "model": "listings.listing",
  "pk": "550e8400-e29b-41d4-a727-446655440004",
  "fields": {
    "owner": "d6848c61-ce3a-474d-8add-07b2274a76a8",
    "car_make": 1,
    "car_model": 114,
    "mileage": 100000,
    "year": 2000,
    "engine_size": "998 cc",
    "transmission": "automatic",
    "created": "2026-08-06T16:45:00Z",
    "description": "This is a great car!",
    "price": 18000,
    "fuel_type": "Petrol",
    "seats": 4,
    "torque": 93,
    "listing_image_1": "Placeholder_00001.jpg",
    "listing_image_2": "Placeholder_00002.jpg",
    "listing_image_3": "Placeholder_00003.jpg",
    "listing_image_4": "Placeholder_00004.jpg",
    "listing_image_5": "Placeholder_00005.jpg",
    "listing_image_6": "Placeholder_00006.jpg"
  }
},
{
  "model": "listings.listing",
  "pk": "550e8400-e29b-41d4-a727-446655440005",
  "fields": {
    "owner": "d6848c61-ce3a-474d-8add-07b2274a76a8",
    "car_make": 1,
    "car_model": 115,
    "mileage": 100000,
    "year": 2000,
    "engine_size": "2755 cc",
    "transmission": "automatic",
    "created": "2026-08-07T16:45:00Z",
    "description": "This is a great car!",
    "price": 50000,
    "fuel_type": "Diesel",
    "seats": 5,
    "torque": 500,
    "listing_image_1": "Placeholder_00001.jpg",
    "listing_image_2": "Placeholder_00002.jpg",
    "listing_image_3": "Placeholder_00003.jpg",
    "listing_image_4": "Placeholder_00004.jpg",
    "listing_image_5": "Placeholder_00005.jpg",
    "listing_image_6": "Placeholder_00006.jpg"
  }
},
{
  "model": "listings.listing",
  "pk": "550e8400-e29b-41d4-a727-446655440006",
  "fields": {
    "owner": "d6848c61-ce3a-474d-8add-07b2274a76a8",
    "car_make": 1,
    "car_model": 116,
    "mileage": 100000,
    "year": 2000,
    "engine_size": "2487 cc",
    "transmission": "automatic",
    "created": "2026-08-08T16:45:00Z",
    "description": "This is a great car!",
    "price": 50000,
    "fuel_type": "Petrol",
    "seats": 5,
    "torque": 400,
    "listing_image_1": "Placeholder_00001.jpg",
    "listing_image_2": "Placeholder_00002.jpg",
    "listing_image_3": "Placeholder_00003.jpg",
    "listing_image_4": "Placeholder_00004.jpg",
    "listing_image_5": "Placeholder_00005.jpg",
    "listing_image_6": "Placeholder_00006.jpg"
  }
},
{
  "model": "listings.listing",
  "pk": "550e8400-e29b-41d4-a727-446655440007",
  "fields": {
    "owner": "d6848c61-ce3a-474d-8add-07b2274a76a8",
    "car_make": 28,
    "car_model": 117,
    "mileage": 100000,
    "year": 2000,
    "engine_size": "1498 cc",
    "transmission": "automatic",
    "created": "2026-08-09T16:45:00Z",
    "description": "This is a great car!",
    "price": 23000,
    "fuel_type": "Petrol",
    "seats": 5,
    "torque": 250,
    "listing_image_1": "Placeholder_00001.jpg",
    "listing_image_2": "Placeholder_00002.jpg",
    "listing_image_3": "Placeholder_00003.jpg",
    "listing_image_4": "Placeholder_00004.jpg",
    "listing_image_5": "Placeholder_00005.jpg",
    "listing_image_6": "Placeholder_00006.jpg"
  }
},
{
  "model": "listings.listing",
  "pk": "550e8400-e29b-41d4-a727-446655440008",
  "fields": {
    "owner": "d6848c61-ce3a-474d-8add-07b2274a76a8",
    "car_make": 28,
    "car_model": 118,
    "mileage": 100000,
    "year": 2000,
    "engine_size": "1984 cc",
    "transmission": "automatic",
    "created": "2026-08-10T16:45:00Z",
    "description": "This is a great car!",
    "price": 25000,
    "fuel_type": "Petrol",
    "seats": 5,
    "torque": 250,
    "listing_image_1": "Placeholder_00001.jpg",
    "listing_image_2": "Placeholder_00002.jpg",
    "listing_image_3": "Placeholder_00003.jpg",
    "listing_image_4": "Placeholder_00004.jpg",
    "listing_image_5": "Placeholder_00005.jpg",
    "listing_image_6": "Placeholder_00006.jpg"
  }
},
{
  "model": "listings.listing",
  "pk": "550e8400-e29b-41d4-a727-446655440009",
  "fields": {
    "owner": "d6848c61-ce3a-474d-8add-07b2274a76a8",
    "car_make": 28,
    "car_model": 119,
    "mileage": 100000,
    "year": 2000,
    "engine_size": "1984 cc",
    "transmission": "automatic",
    "created": "2026-08-11T16:45:00Z",
    "description": "This is a great car!",
    "price": 28505,
    "fuel_type": "Petrol",
    "seats": 7,
    "torque": 300,
    "listing_image_1": "Placeholder_00001.jpg",
    "listing_image_2": "Placeholder_00002.jpg",
    "listing_image_3": "Placeholder_00003.jpg",
    "listing_image_4": "Placeholder_00004.jpg",
    "listing_image_5": "Placeholder_00005.jpg",
    "listing_image_6": "Placeholder_00006.jpg"
  }
},
{
  "model": "listings.listing",
  "pk": "550e8400-e29b-41d4-a728-446655440000",
  "fields": {
    "owner": "d6848c61-ce3a-474d-8add-07b2274a76a8",
    "car_make": 28,
    "car_model": 120,
    "mileage": 100000,
    "year": 2000,
    "engine_size": "1498 cc",
    "transmission": "automatic",
    "created": "2026-08-12T16:45:00Z",
    "description": "This is a great car!",
    "price": 21995,
    "fuel_type": "Petrol",
    "seats": 5,
    "torque": 250,
    "listing_image_1": "Placeholder_00001.jpg",
    "listing_image_2": "Placeholder_00002.jpg",
    "listing_image_3": "Placeholder_00003.jpg",
    "listing_image_4": "Placeholder_00004.jpg",
    "listing_image_5": "Placeholder_00005.jpg",
    "listing_image_6": "Placeholder_00006.jpg"
  }
},
{
  "model": "listings.listing",
  "pk": "550e8400-e29b-41d4-a728-446655440001",
  "fields": {
    "owner": "d6848c61-ce3a-474d-8add-07b2274a76a8",
    "car_make": 29,
    "car_model": 121,
    "mileage": 100000,
    "year": 2000,
    "engine_size": "1969 cc",
    "transmission": "automatic",
    "created": "2026-08-13T16:45:00Z",
    "description": "This is a great car!",
    "price": 60000,
    "fuel_type": "Petrol",
    "seats": 5,
    "torque": 400,
    "listing_image_1": "Placeholder_00001.jpg",
    "listing_image_2": "Placeholder_00002.jpg",
    "listing_image_3": "Placeholder_00003.jpg",
    "listing_image_4": "Placeholder_00004.jpg",
    "listing_image_5": "Placeholder_00005.jpg",
    "listing_image_6": "Placeholder_00006.jpg"
  }
},
{
  "model": "users.profile",
  "pk": "00c81dcd-90c2-40a9-9aa2-cc4fcc17d7cb",
  "fields": {
    "user": null,
    "username": "user3",
    "name": "User Three",
    "email": "user3@example.com",
    "password": "",
    "phone": "0700000003",
    "address": "3 Example Street",
    "town": "Kisumu",
    "county": "Kisumu",
    "postcode": "40100",
    "profile_image": "profiles/user3.jpg",
    "created_at": "2026-01-01T10:00:00Z"
  }
},
{
  "model": "users.profile",
  "pk": "0d1311d8-9cd7-4de6-9ae2-6831b720b39a",
  "fields": {
    "user": 2,
    "username": "Jayyy",
    "name": "Jay",
    "email": "jordanacomba@icloud.com",
    "password": "",
    "phone": "",
    "address": "",
    "town": "",
    "county": "",
    "postcode": "",
    "profile_image": "",
    "created_at": "2026-04-23T16:35:29.926Z"
  }
},
{
  "model": "users.profile",
  "pk": "491935e4-006c-4c0a-94b7-aae6f07c1cfc",
  "fields": {
    "user": null,
    "username": "user4",
    "name": "User Four",
    "email": "user4@example.com",
    "password": "",
    "phone": "0700000004",
    "address": "4 Example Street",
    "town": "Nakuru",
    "county": "Nakuru",
    "postcode": "20100",
    "profile_image": "profiles/user4.jpg",
    "created_at": "2026-01-01T10:00:00Z"
  }
},
{
  "model": "users.profile",
  "pk": "57741d5b-460f-48a8-b213-15d0f26e60ba",
  "fields": {
    "user": 1,
    "username": "jordanacomba@gmail.com",
    "name": "",
    "email": "jordanacomba@gmail.com",
    "password": "",
    "phone": "",
    "address": "",
    "town": "",
    "county": "",
    "postcode": "",
    "profile_image": "",
    "created_at": "2026-04-23T16:26:26.555Z"
  }
},
{
  "model": "users.profile",
  "pk": "8c65936e-01fe-4540-a7cb-7c4d23c6177e",
  "fields": {
    "user": null,
    "username": "user5",
    "name": "User Five",
    "email": "user5@example.com",
    "password": "",
    "phone": "0700000005",
    "address": "5 Example Street",
    "town": "Eldoret",
    "county": "Uasin Gishu",
    "postcode": "30100",
    "profile_image": "profiles/user5.jpg",
    "created_at": "2026-01-01T10:00:00Z"
  }
},
{
  "model": "users.profile",
  "pk": "d36551a5-b292-4674-b25f-2385ed2f3f0a",
  "fields": {
    "user": null,
    "username": "alice",
    "name": "Alice",
    "email": "alice@example.com",
    "password": "",
    "phone": "0700000001",
    "address": "1 Example Street",
    "town": "Nairobi",
    "county": "Nairobi",
    "postcode": "00100",
    "profile_image": "profiles/user1.jpg",
    "created_at": "2026-01-01T10:00:00Z"
  }
},
{
  "model": "users.profile",
  "pk": "d6848c61-ce3a-474d-8add-07b2274a76a8",
  "fields": {
    "user": null,
    "username": "bob",
    "name": "Bob",
    "email": "bob@example.com",
    "password": "",
    "phone": "0700000002",
    "address": "2 Example Street",
    "town": "Mombasa",
    "county": "Mombasa",
    "postcode": "80100",
    "profile_image": "profiles/user2.jpg",
    "created_at": "2026-01-01T10:00:00Z"
  }
}
]
